compound,hcc_score,hf_score
ER-27319,1.6314104,0.031521827
ergocornine,-0.15597759,-0.20700048
ergometrine,-0.0015255883,0.025865749
eriodictyol,0.10727124,0.00994968
erythromycin,0.038319297,0.008616671
estradiol-valerate,-0.02912376,-0.004748702
eudesmic-acid,0.17771006,0.027009008
eugenitol,-0.12049791,-0.020439148
embelin,-0.10317164,-0.0057716668
epirizole,-0.08063558,-0.08235735
eplerenone,-0.03846831,0.09731103
esculin,0.16770944,-0.051230386
ethisterone,-0.09334039,0.061604824
mestranol,-0.01990992,-0.053576715
etifenin,0.126459,0.04071293
evoxine,-0.044434667,0.018625319
EXO-1,-0.019842364,-0.034190778
farnesylthioacetic-acid,-0.16087084,0.0068408176
FCCP,0.24628869,0.109487146
febuxostat,-0.014315091,0.06918836
felamidin,0.02986173,-0.36779064
fenbendazole,-0.023536623,0.17393734
fenofibrate,0.15493141,-0.04220963
finasteride,0.04468032,0.058401734
FIT,-0.103031434,-0.012538746
FK-888,0.062401116,-0.013262067
flavokavain-b,0.22845396,0.19652072
fluconazole,-0.09038082,-0.030827463
flufenamic-acid,0.0022605304,0.045920413
flumetasone,0.07409774,0.18683416
flunisolide,0.19008419,0.029906541
fluperlapine,0.0610726,-0.025896959
fluprostenol,0.029683009,-0.0050560236
fludroxycortide,-0.031061336,0.17059186
FPL-55712,0.11152588,-0.07007244
FPL-64176,-0.05221571,0.06692538
FR-122047,-0.13041638,-0.13554317
FR-139317,0.014719985,-0.05284714
fraxidin,-0.13360426,0.0017295349
farnesylthiotriazole,0.21136098,-0.17229888
fananserin,0.15580568,-0.091932125
fasudil,0.1026963,-0.09156144
felbamate,0.05306651,0.004503876
felodipine,-0.10785936,0.039096624
fenobam,-0.0025382414,-0.060866073
fenoldopam,0.01832556,-0.124119215
fenretinide,-0.0144628035,0.05648873
fexaramine,0.0027138293,-0.0034032464
fillalbin,0.021219213,0.15501189
flavoxate,-0.07663454,0.0018311962
flucloxacillin,-0.11967843,-0.0036331117
flumazenil,-0.16185975,-0.043118954
flurofamide,-0.06384382,-0.022796534
fluticasone,0.12466171,0.08897818
fluticasone-propionate,0.029177034,0.10703993
fluvoxamine,0.10431297,-0.034764804
foliosidine,-0.0909035,0.005098462
formoterol,0.1256358,0.011181101
fusaric-acid,-0.1247911,0.017471604
gamma-linolenic-acid,0.15865731,0.04774669
ganglioside,-0.026172152,-0.028877728
GBR-12783,-0.04592787,0.069888934
vanoxerine,0.23211709,-0.002982948
GBR-12935,0.05025991,-0.028590258
GBR-13069,-0.08579746,-0.055651963
glipizide,0.12524828,-0.082689196
GP-1a,0.1134972,-0.056809634
GP-2a,-0.0047134478,0.09165095
GR-127935,0.36891428,-0.02467369
GR-144053,0.07105313,0.08134289
GR-159897,-0.048048686,0.055045664
GR-32191,0.05389541,0.030935705
GR-46611,0.050749198,0.036760278
GR-55562,-0.079459384,0.09031838
GR-79236,0.056072026,0.123799816
GR-89696,-0.091340646,-0.077484876
GS-39783,-0.11771212,-0.049886934
AR-A014418,-0.020002905,0.05852226
GTP-14564,0.043202344,0.03956811
GW-0742,-0.056825962,0.022219399
GW-311616,-0.066945806,-0.05559346
GW-405833,0.22539894,0.015312559
GW-441756,0.15272975,0.00480783
GW-583340,-0.09766955,-0.048918307
GW-6471,0.014155,0.0813288
GW-843682X,-0.19850725,0.08488518
GW-9508,0.20753664,-0.0633108
GW-9662,0.018174656,-0.01742631
GYKI-52466,0.09674574,0.013337171
gabexate,0.1211196,0.06196835
gavestinel,0.18012106,0.0020381436
genistein,0.027429024,-0.025806785
MD-920,0.09442177,0.0052160323
glibenclamide,-0.019713728,0.004164245
glimepiride,0.081139505,-0.09704369
gliquidone,-0.11699462,0.09162815
graveoline,-0.087369755,0.046227664
guggulsterone,-0.1911164,0.02291073
H-89,0.025868984,-0.02912455
H-8,0.023256425,-0.084837526
H-9,-0.00784399,-0.045739353
HA-1004,0.08844575,0.11114533
haematoxylin-pentaacetate,0.20865953,-0.0043546185
tetramethyl-haematoxylone,-0.061489552,-0.07746577
BE-2254,-0.07272192,0.13133895
hemado,-0.16806553,-0.09435733
herniarin,0.2143996,-0.05432409
quercetagetin,0.063082464,-0.08061867
homosalate,-0.14473361,-0.069028184
"hydrastine-(1r,-9s)",-0.026050866,0.03359586
hydrocortisone,0.029069234,0.13494816
hydrocortisone-valerate,-0.039443046,0.15784891
hydroquinidine,-0.16840264,0.006745547
halcinonide,0.019209348,0.20629889
harpagoside,-0.20357063,-0.0915318
hesperidin,-0.019293234,0.017533213
hexylcaine,0.14807579,-0.02406001
hinokitiol,0.23806234,-0.009127498
hippeastrine,0.28911933,0.028995961
hispidin,0.02803792,-0.06086328
bisbenzimide,0.3755175,-0.121893
homoharringtonine,0.54018044,-0.2612602
hydralazine,-0.023879707,0.038996324
hydrastinine,-0.080677204,-0.014337674
IAA-94,-0.20195612,-0.059235796
IBC-293,0.014403384,0.08942175
IC-261,0.0289507,0.111370146
ICI-162846,-0.027760193,0.017585613
ICI-199441,0.07865557,0.070449725
ICI-89406,-0.14189327,-0.041574597
IKK-16,0.8974478,-0.24514697
IKK-2-inhibitor-V,0.3590803,0.17601797
imperatorin,0.0060099717,-0.1454896
indole-3-carbinol,-0.045587387,-0.080757275
iriflophenone,0.097603515,0.06755063
irilin-a,-0.10533246,0.11922502
IRL-2500,-0.22667514,-0.07811983
isamoltane,-0.0024783965,0.053267904
isoeugenol,0.6254983,-0.34194636
isoreserpine,0.039862417,0.09603651
isorotenone,0.03470069,0.21043411
ITE,-0.013263654,-0.070069626
ivermectin,0.3553849,-0.004326105
ibudilast,-0.04102528,-0.028100133
immepip,-5.6289136e-05,0.07953516
iobenguane,-0.10054219,0.053034723
adipiodone,-0.17629988,-0.05199695
iodophenpropit,0.07627286,-0.03469178
ioxaglic-acid,-0.070460886,-0.02255562
irsogladine,-0.042919576,-0.06967992
isocarboxazid,-0.05528848,-0.0435974
isoflupredone-acetate,0.048762105,0.09677583
sulmazole,0.102941185,0.03552361
ivachtin,-0.021487206,-0.04610261
J-104129,0.20260857,0.06730983
JAK3-inhibitor-I,0.2217084,-0.14231277
WHI-P154,0.41571563,-0.14530645
JAK3-inhibitor-V,0.14441928,0.13017808
JAK3-inhibitor-VI,1.1634331,0.065773845
JLK-6,0.09200773,0.19787107
JNJ-10191584,0.15567575,-0.0107271075
JNJ-16259685,-0.08882237,0.067328185
JTE-013,0.13349298,0.002284348
JTE-907,0.092684016,0.060911067
JWH-015,-0.021193571,-0.1544171
JX-401,0.056986466,-0.1015203
kavain,0.08125968,0.042213023
KB-R7943,0.03814979,-0.0699916
ketoprofen,0.040023826,-0.027343854
KF-38789,0.042811543,0.17387532
KN-62,0.16674633,-0.0007915292
KN-93,0.25487217,0.027167827
KU-14R,-0.012752742,-0.004213862
kynuramine,-0.07564297,-0.03314042
kenpaullone,-0.025796518,-0.061919063
ketanserin,0.01818151,-0.007217586
L-368899,-0.16378547,-0.0460366
L-655240,0.23983994,-0.04822758
vesamicol,0.16751114,-0.08486741
L-152804,0.002750896,-0.019701287
L-165041,0.0108016785,-0.12000668
L-689560,-0.12323109,0.0101986285
L-692585,-0.16509956,-0.023302488
L-693403,-0.14185055,-0.010558307
L-694247,-0.03472119,-0.0031703636
L-701252,0.16999228,0.0152644515
L-732138,0.085785344,-0.1080239
L-733060,0.08533476,-0.15122834
L-741626,0.11453348,-0.02489449
L-745870,-0.023877757,0.04575583
L-750667,0.20721588,0.045455977
L-803087,-0.13297297,-0.028184164
lavendustin-a,-0.027099982,-0.013047993
lawsone,0.0762909,0.024780907
LE-135,0.13886917,0.029985785
LE-300,-0.06710165,-0.034653097
leoidin,0.19381762,0.07824908
LFM-A12,-0.019008487,0.026243255
LFM-A13,0.0010168198,-0.024635281
lidocaine,-0.11633766,-0.019316554
linoleamide,0.009434022,0.0011895299
alpha-linolenic-acid,-0.08966447,-0.076680966
lonidamine,0.1205962,0.0017734729
losartan,-0.03098756,-0.010029495
lovastatin,-0.04153219,-0.01516106
LY-2183240,-0.03243534,0.17663908
LY-225910,0.098912574,0.0029781908
LY-288513,-0.13876233,0.005044669
LY-303511,0.041279636,-0.13054912
LY-320135,-0.08804937,0.18047002
LY-341495,-0.14828947,0.12803708
LY-364947,-0.06354864,-0.10773802
quinelorane,0.32026443,0.03901294
LY-165163,0.08099996,0.03500378
LY-278584,0.053078085,0.055812404
LY-255283,-0.02046616,0.008603353
lysylphenylalanyl-tyrosine,-0.20196661,0.023934484
lamotrigine,0.089509234,0.013305593
leflunomide,0.18428403,-0.045047775
levcromakalim,0.028382104,-0.13012123
levocabastine,-0.07381904,-0.120251365
lidoflazine,0.10417638,-0.0018477812
roquinimex,0.044212528,-0.07493137
lobelanidine,-0.116481796,0.041169494
loperamide,0.05993431,0.048728287
loreclezole,-0.1612061,0.11501566
lumicolchicine,-0.23284118,0.016508292
luzindole,-0.1331725,-0.041305035
lylamine,0.4072777,-0.0056089163
lysergol,0.013713073,-0.08400984
mammea-a,0.17466298,0.107802
MAPP-D-erythro,-0.0045035183,-0.053657927
L-erythro-MAPP,0.002023548,0.12468128
bemesetron,-0.092558354,0.045843005
MDL-72832,0.03759016,-0.013812751
MDL-28170,-0.14498638,0.0035412908
MDM2-inhibitor,-0.03252764,0.02462691
mead-acid,-0.017983962,0.010505846
mead-ethanolamide,-0.03391288,0.07907667
mebendazole,0.1033715,0.20718107
meclizine,-0.019051647,-0.056886367
meclofenamic-acid,0.056146994,-0.010385975
medrysone,0.05630058,0.17076555
mefenamic-acid,-0.02990965,-0.07139606
mefexamide,-0.020320032,-0.019983478
megestrol-acetate,0.05654714,0.22119665
MEK1-2-inhibitor,-0.10950889,0.023758836
mesoridazine,-0.07480982,-0.028434467
metaxalone,0.25600556,-0.024404883
methocarbamol,0.028537285,-0.07529864
methoprene-acid,-0.17378923,-0.03896502
methyl-everninic-acid,-0.115831554,-0.00843402
methylnorlichexanthone,0.035007365,0.099288456
metoclopramide,0.088118434,-0.124932975
metoprolol,0.03812972,-0.035355985
MG-132,0.18363202,0.093580216
minoxidil,-0.10859303,0.028939772
ML-3163,0.08765379,-0.0762642
ML-7,0.085580826,0.037523568
MMPX,0.14641087,-0.019412637
MNITMT,0.004107788,0.06393056
modafinil,0.06501718,-0.006741151
LY-456236,-0.031239517,-0.006570339
MR-16728,-0.044680126,-0.08907115
MRS-1220,0.09070164,-0.040323064
MRS-1754,-0.084596135,-0.044610023
MRS-1845,-0.122850895,0.010174334
MT-21,-0.16070318,-0.0066439807
MY-5445,0.15070176,-0.014609398
mycophenolate-mofetil,0.37167394,0.09955059
malonoben,0.4023893,0.19133738
meclocycline,-0.00766062,-0.0332042
melperone,-0.19085264,0.08201727
meprylcaine,0.011899024,-0.029125437
meptazinol,-0.03921604,-0.004111871
methantheline,-0.17135215,-0.03335824
levomepromazine,0.12541026,0.047552124
methyllycaconitine,-0.11417193,-0.13744228
mevastatin,0.15644479,-0.039551582
mianserin,0.065990075,0.030265713
mibefradil,0.13330598,-0.060506053
mifepristone,0.13837625,-0.044907182
milrinone,-0.107687205,-0.04554666
moexipril,0.05124124,-0.088462085
molsidomine,0.024557523,0.076514125
mometasone,0.19167177,0.18387167
monastrol,-0.0769946,0.0018115342
moxonidine,-0.01831256,-0.02629318
hexamethyleneamiloride,0.1708916,0.0155635355
Ro-16-6941,0.03997541,-0.0636355
N-arachidonyl-GABA,-0.013475379,-0.0119288415
desmethylclozapine,-0.04254423,-0.037460446
N-methyllidocaine-iodide,-0.05273955,0.003982801
NAN-190,0.18842438,-0.08584091
naphazoline,-0.16329078,0.06624128
NAS-181,0.09119135,-0.0729654
nateglinide,0.023279665,-0.044628948
NBI-27914,0.00996999,-0.065225065
NECA,-0.055688277,0.07888056
nefopam,0.0356015,0.050501943
NGB-2904,0.13795073,-0.07065004
niguldipine,0.20471853,-0.047167376
nilutamide,-0.04692612,-0.03030138
nizatidine,0.07088904,-0.094480455
NNC-05-2090,0.28232828,-0.0810544
NNC-55-0396,0.44685614,0.015948452
NNC-63-0532,0.11401419,0.038275838
NNC-711,0.007191941,-0.093023196
nobiletin,0.102603674,-0.02103803
nomilin,-0.051046014,0.06738878
nonoxynol-9,0.34094802,0.05471164
noreleagnine,-0.023955207,-0.033556785
norethisterone,-0.009578139,0.0090248585
noretynodrel,0.103937194,-0.08642906
norgestrel,0.1160654,0.11663257
nortriptyline,0.014186773,0.03865672
noscapine,-0.120217904,0.0092672855
NPC-15199,0.00290241,-0.022391915
NSC-3852,0.71567774,0.19641998
NSC-632839,3.837794e-05,0.11413609
NSC-95397,0.0038583577,-0.01586974
NTNCB,0.04532645,-0.080563106
buphenine,-0.22213481,-0.024305131
tosyllysyl-chloromethyl-ketone,4.2170286e-06,0.074910924
nafadotride,-0.030870963,0.056210957
nafcillin,0.08469325,0.003307581
naftifine,0.09849397,-0.05043304
naltriben,-0.1232394,-0.043517828
naltrindole,-0.007047087,0.051058196
naproxen,-0.040328793,-0.03607756
necrostatin-1,0.02553213,-0.06105787
nefazodone,0.12857112,0.028392345
nemonapride,0.071058944,-0.012271404
nifedipine,0.05182388,-0.009815648
nifurtimox,0.092785075,-0.0755528
nimesulide,-0.15358835,-0.07123156
nisoxetine,-0.2114596,-0.033169165
nitrocaramiphen,-0.10237744,0.068222575
nomegestrol-acetate,-0.045676306,0.05993682
norcyclobenzaprine,0.0026554894,-0.07990384
levonorgestrel,0.07754231,0.03633988
norketamine,-0.016909216,-0.12042757
O-1918,0.04073263,-0.104806
O-2050,0.02723959,0.084284216
OBAA,0.12344654,-0.053568244
ODQ,-0.19812855,-0.14530647
oleanolic-acid,0.120032236,0.080975235
OMDM-2,-0.0068246326,-0.0115732895
omeprazole,0.01576481,0.04152119
orphenadrine,0.008881079,0.055890806
orthothymotinic-acid,-0.2577651,-0.027169794
oxybenzone,-0.029777378,0.005792558
olomoucine,-0.10014807,0.13601962
olvanil,0.2261596,-0.08197895
oxindole-I,0.27722862,0.04775773
oxymetazoline,-0.12341194,-0.08931291
P-1075,0.24822965,-0.023390263
pantoprazole,-0.14762574,0.027172849
papaverine,0.41182554,-0.11618638
parachlorophenol,0.26368195,0.04313696
pargyline,0.068461925,0.074967325
PCA-4248,-0.0068884045,0.0035662577
PCO-400,-0.11799669,-0.048766673
PD-102807,0.17187923,-0.0071178973
PD-123319,0.10258211,0.02562648
PD-160170,-0.1061824,0.040047213
PD-166793,-0.16559114,-0.025330186
PD-169316,-0.08338758,0.0055375136
PD-198306,0.45629674,0.08466687
PD-407824,0.4967752,0.17289814
PD-98059,0.039044224,-0.0068320725
D-64406,0.22776443,0.07629102
penfluridol,0.8329649,-0.04010448
pentoxifylline,-0.10213046,-0.0675365
pentylenetetrazol,0.065506496,-0.04381813
peucedanin,-0.16128886,-0.027517788
PG-9,-0.021055922,-0.030870557
PHA-665752,-0.0483173,-0.03245622
phenazopyridine,0.17891818,-0.015225679
pheniramine,0.02675374,-0.029400038
phenoxybenzamine,-0.020077571,0.004479781
phentolamine,-0.1092377,-0.14501208
acetohydroxamic-acid,0.062795796,0.051874183
phenylbutazone,0.08435859,0.018823402
PHTPP,-0.052539192,-0.040991053
PI-828,0.6092017,-0.05909443
piceatannol,0.18719272,0.041222177
pinacidil,0.073965564,-0.02629865
pinocembrin,0.123210154,-0.10696119
pirenzepine,-0.08306506,-0.006272219
PIT,-0.07702483,0.04646468
PK-11195,0.11305158,-0.012200743
midostaurin,0.5356983,-0.04800442
PNU-120596,-0.13921294,-0.038298085
PNU-22394,-0.059260935,-0.035765402
PNU-282987,-0.063545465,-0.07950801
PNU-96415E,0.04978397,-0.10408019
podophyllotoxin,-0.11675421,0.11627461
PP-1,0.5117301,-0.44514176
PP-2,0.2907883,-0.17940456
PP-3,-0.1564941,-0.13872206
PPT,0.32654637,-0.081905
PQ-401,0.17107588,-0.05140838
pravastatin,-0.043729354,0.015064865
prazosin,-0.060659382,0.072815314
probenecid,-0.15454721,-0.028738968
probucol,0.009679226,0.09966387
procainamide,-0.09027861,-0.049740028
prometon,-0.052058373,-0.13513833
propafenone,-0.015322724,0.046496555
propofol,0.083949715,-0.056446314
beta-CCP,-0.045061,-0.03565246
prostaglandin-a1,0.07978387,-0.038636323
prostaglandin-b2,0.020773731,0.07812992
prothionamide,0.06520721,0.034776747
prunetin,-0.040887192,0.1772986
PSB-11,-0.13545892,-0.06142403
pseudoephedrine,-0.010970458,-0.020417362
psoromic-acid,-0.18081537,-0.05422636
puromycin,0.46981663,-0.059427172
mepyramine,-0.016988963,-0.0977076
pyrimethamine,-0.03009528,-0.064789444
palmitoylethanolamide,-0.01586638,7.328391e-05
parthenolide,0.18657053,0.12929104
phenanthridone,0.030697469,-0.08507499
phenformin,0.10114493,-0.009147784
phosphodiesterase-V-inhibitor-II,0.20264849,0.11707382
picotamide,-0.026359204,-0.08949314
picrotoxin,0.07620881,-0.04329887
pifithrin-alpha,0.10390176,-0.0075413473
pifithrin,0.06701522,-0.029742986
pimozide,0.13583794,0.030759044
piperacetazine,0.034740087,0.017606333
piretanide,0.16124329,-0.09270243
pirfenidone,-0.21724944,-0.013601571
pregnenolone,-0.14279252,0.05851695
procarbazine,-0.09271109,0.007174507
procaterol,0.28049168,0.014697522
proxymetacaine,0.022134122,0.012366153
propoxycaine,0.08696889,0.027959079
dinoprostone,0.04544977,0.02495706
proxyfan,-0.037315596,-0.025703456
pseudopelletierine,-0.07659673,-0.027630582
purmorphamine,0.07151171,-0.031001123
pyrrolidine-dithiocarbamate,-0.045394138,0.15216205
quinidine,-0.009377575,0.032810822
QX-314,-0.1906317,0.05556819
quercetin,0.14641784,-0.072615325
morphothebaine,-0.106049225,0.099229336
R-96544,-0.018146664,-0.0068136156
ranolazine,0.110671744,0.035129614
reserpine,0.10306141,-0.17011474
REV-5901,-0.013705358,-0.07103573
RG-13022,0.0545646,0.0006271973
RG-14620,0.20335533,-0.006536603
RHC-80267,0.050366487,-0.009706482
rhizocarpic-acid,0.04919274,-0.07511844
roscovitine,-0.052775234,0.067514926
rosiglitazone,0.04537669,0.018411957
rotenonic-acid,0.15545784,-0.014487833
RS-100329,-0.021087285,-0.07732183
RS-102221,-0.07073882,0.04712446
RS-16566,-0.24013413,-0.024167556
RS-17053,0.5266287,-0.12869167
RS-45041-190,0.066453114,0.046655186
RS-504393,0.022414438,-0.07746449
RS-56812,0.01803599,0.1296853
RS-67333,-0.12398584,-0.016742826
RS-67506,-0.034712162,-0.043676063
RWJ-21757,-0.10970743,0.08803052
ryanodine,0.09180329,0.040073313
racecadotril,-0.1303365,-0.041520033
raclopride,0.0029616058,0.057143025
reboxetine,-0.034508288,0.010536373
remacemide,0.17461406,0.013413347
remoxipride,-0.041283153,0.046889782
rescinnamine,0.025694277,0.036317103
reserpic-acid,-0.09339579,0.09655838
resveratrol,0.028774533,-0.01626148
tretinoin,0.008935556,-0.044337638
rilmenidine,-0.08328891,0.011780018
riluzole,0.10203733,0.016654328
rimcazole,-0.049219254,0.043040313
rimexolone,-0.0058470154,0.11846426
risperidone,0.11996172,-0.058483586
Ro-04-5595,0.32112348,-0.03783211
Ro-08-2750,0.15391111,0.04875609
Ro-10-5824,0.027016168,0.011851896
Ro-15-4513,0.07835604,-0.015444726
Ro-19-4605,-0.105507076,0.04005271
Ro-60-0175,-0.087222025,-0.02137068
rosmarinic-acid,-0.05510798,0.033065252
ryuvidine,0.7183604,0.20906049
terguride,-0.20457292,-0.004832372
lisuride,-0.0014198199,-0.06721497
ibuprofen-(S),0.1327143,0.004393533
salvinorin-a,0.11861216,-0.086244196
SANT-1,-0.06763977,0.0013976097
sarmentogenin,0.6862018,0.03397946
SB-200646,0.07677796,0.06569339
SB-202190,-0.042919558,-0.095167875
SB-203580,0.11329451,-0.11066066
SB-205384,-0.14796679,0.00919795
SB-205607,0.13862333,-0.027316079
SB-218795,-0.12368489,-0.028210044
SB-221284,0.108755656,-0.19119704
SB-222200,0.04166417,-0.00979748
SB-225002,-0.076326594,0.16113299
SB-239063,-0.14507736,-0.051767964
SB-269970,-0.041468877,0.011341696
SB-334867,-0.010488629,0.14359853
SB-366791,0.2305537,-0.06270802
SB-408124,0.106202245,-0.0078267455
SB-415286,0.11138271,-0.042393528
SB-431542,-0.28466734,-0.067283034
SC-560,-0.092252046,-0.09278385
SC-10,0.19281313,-0.058831036
IKK-2-inhibitor,-0.16045852,0.005296251
SC-68376,0.062414676,-0.0857465
SC-9,0.038355775,0.032420307
scandenin,0.10315485,-0.02108651
SCH-23390,-0.07083413,0.025832653
ecopipam,-0.1403928,0.015978456
SCH-442416,0.19531083,0.061426163
SCH-58261,0.06148167,0.015670493
scopolamine,0.036738858,0.0067025186
SDZ-205-557,-0.049618997,-0.048950985
SDZ-21009,-0.01417435,-0.116702765
SDZ-NKT-343,0.04445026,0.0033196956
SDZ-WAG-994,0.019955082,0.055585876
selinidin,0.3602041,-0.0867406
sericetin,-0.063772455,0.03468299
SEW-2871,-0.027882949,-0.01022415
SIB-1757,0.16814129,0.087458685
sinensetin,-0.031247392,-0.14535725
skatole,-0.08065115,0.053195685
SKF-77434,0.097191125,-0.11551097
SKF-81297,0.2590379,0.06415862
SKF-86002,0.087683424,0.06633094
SKF-89976A,-0.006609626,-0.012117978
SKI-II,0.23846257,0.0072105816
pyrazolanthrone,0.18297373,0.006581813
SQ-22536,-0.08618458,-0.062328145
SR-142948,0.18861899,0.010612366
SR-27897,-0.10784132,-0.13668595
relcovaptan,0.048761338,0.032810606
SR-57227A,0.13083816,-0.023915274
SR-59230A,-0.16251293,-0.08644419
SR-95639A,-0.011028558,0.15849835
SSR-69071,-0.06414963,0.11643648
ST-91,-0.24711904,0.07355395
STO-609,0.022378823,0.10738567
SU-4312,0.10468382,0.009976722
semaxanib,0.026642546,-0.16186893
SU-1498,-0.01804161,0.0077885985
SU-6656,0.28888237,-0.032401882
sulconazole,0.38354683,-0.055705637
sulpiride,0.018204305,0.03989266
saclofen,0.21375798,0.08421117
salmeterol,0.03491714,-0.112162784
saquinavir,0.14718631,0.033090375
scopolamine-n-oxide,-0.024622269,-0.071082294
scoulerine,-0.061399553,0.038660973
scriptaid,0.20075719,-0.057238843
securinine,-0.066947624,-0.045346916
seneciphylline,-0.2235632,0.06205332
sertaconazole,0.0032866597,-0.057703495
skimmianine,-0.069943294,-0.0122840125
solanine,-0.18689252,0.047899008
spironolactone,0.042469196,0.020026565
SRC-kinase-inhibitor-II,-0.011785589,0.007100038
ponalrestat,-0.0029438855,0.08035502
strophanthidin,0.41134682,0.02483511
sulfafurazole,-0.017117098,0.02962026
SYK-inhibitor,0.19987324,-0.0989542
syrosingopine,0.17303704,-0.10047528
T-0070907,-0.11852941,-0.02020353
T-0156,0.2070232,-0.03386861
T-0901317,0.21885504,-0.010882936
T-98475,-0.14636967,-0.11438756
tangeritin,0.2318306,0.048621655
"4,5,6,7-tetrabromobenzotriazole",-0.057957098,0.046639502
TC-2559,0.05892456,-0.047579467
TCB2,0.06719334,0.079426676
telmisartan,0.112391934,0.017905012
temefos,0.004391296,0.024926126
TER-14687,-0.10610258,0.025187291
testosterone-propionate,-0.11058197,-0.029440332
tiabendazole,-0.009677548,-0.028871287
thiothixene,0.03727085,-0.08345883
PCI-24781,0.672788,0.18088415
tetramethylsilane,0.069811225,-0.00039850175
tolazamide,-0.023558099,0.03410107
tolbutamide,-0.11835115,0.022671856
totaralolal,0.022096585,0.14834905
tramadol,-0.113152966,-0.03716433
7-hydroxy-PIPAT,-0.04645545,0.04671146
triamterene,-0.007845927,-0.07094094
trimethobenzamide,-0.056121513,-0.061223164
trioxsalen,0.016069077,-0.05719979
tripelennamine,-0.09878652,-0.030466028
thenoyltrifluoroacetone,-0.052050725,-0.016949564
TTNPB,-0.09150975,-0.031845763
TWS-119,0.042945787,-0.06433821
tyrphostin-AG-99,-0.09509269,0.0073948503
tyrphostin-47,0.13963503,-0.0059601516
tyrphostin-B44,-0.25219354,-0.016875625
talniflumate,0.06879802,0.02687183
telenzepine,0.05650333,-0.1043331
tenidap,-0.03607289,0.012911499
terconazole,0.00615523,-0.004409373
thiocolchicoside,0.05439734,-0.1861109
thioperamide,0.044981156,-0.03960295
thioproperazine,-0.015819624,-0.013729405
timolol,0.037415117,0.09862239
tiotidine,-0.02506106,0.12970409
atomoxetine,-0.05246286,-0.10372768
tracazolate,0.12713604,-0.06895389
tranilast,0.05629836,-0.016510412
trap-101,0.103900634,-0.14174655
trapidil,0.0251984,-0.0614474
tremorine,-0.014230041,-0.14714599
"tropanyl-3,5-dimethylbenzoate",0.011926241,-0.014514511
tyrphostin-AG-835,0.12435803,-0.076600105
U-18666A,-0.14921382,-0.1522558
U-99194,0.07742468,0.0027809814
U-0126,0.20594749,0.08641112
U-46619,-0.04312384,-0.12016698
U-74389F,0.01493036,-0.005892176
U0126,0.063591525,0.08815025
UB-165,-0.045609012,0.031171888
UBP-302,0.1199936,0.03998086
UCL-2077,0.006498043,0.015021237
brimonidine,0.052682776,0.026898645
ungerine,-0.11195374,0.00720679
valsartan,-0.0024108104,-0.006030146
valyltryptophan,0.040312164,0.030461133
vardenafil,0.055471916,0.019907352
VEGF-receptor-2-kinase-inhibitor-IV,0.12906371,0.046977688
verapamil,-0.12655306,-0.047424443
veratridine,-0.07811923,0.043803073
vinblastine,0.09727072,0.22577119
vincristine,0.07550749,0.17365009
VUF-5681,-0.12189378,-0.09035289
vincamine,0.095254995,0.02897174
vinpocetine,0.031624302,0.08540009
vitexin,-0.06347367,-0.07322523
W-12,0.058415942,0.017578451
W-13,0.04451853,0.0510049
W-7,0.017644962,-0.014422774
W-9,-0.027788077,0.13745138
WAY-170523,0.37641728,-0.07404685
WAY-213613,0.060773537,-0.06704661
apafant,-0.013705754,-0.009069607
WR-216174,-0.015143514,0.091362715
pirinixic-acid,-0.08544304,-0.0264308
xanthoxyline,0.120925434,-0.038248286
xylazine,0.044334617,0.13662021
xaliproden,0.008640113,0.015650734
Y-134,0.14761035,-0.19093795
azasetron,-0.09992065,0.038541585
YC-1,0.08774762,-0.12377988
YM-976,0.09888142,-0.06714003
YS-035,0.07879507,0.17994657
z-leu3-VS,0.7322659,0.19322675
z-prolyl-prolinal,-0.11292294,0.088793576
ZD-2079,0.035680193,-0.013892382
ZD-7155,0.22519402,-0.14806816
ZD-7288,-0.12131643,0.12676689
ZK-164015,0.14553884,0.07465407
ZK-93423,0.28251386,0.11507407
ZK-93426,0.054406904,0.04829058
ZM-241385,0.029819094,0.17839737
ZM-306416,0.0023020357,-0.09879265
ZM-323881,0.08651311,-0.0221162
zolmitriptan,0.09620487,0.020593852
zaprinast,-0.2113905,0.034861717
zardaverine,-0.019819507,-0.06869137
zatebradine,-0.1204831,-0.03826785
zolantidine,0.02324042,0.019312624
zuclopenthixol,0.07690469,-0.0933647
betulinic-acid,0.115996465,0.06656015
bongkrek-acid,0.092409134,-0.07822971
bufalin,0.3620749,-0.028869431
bulleyaconitine-a,0.13872883,0.018364143
calpeptin,-0.02532817,-0.09522328
cinobufagin,0.41416192,0.002246648
flupentixol,0.25877824,-0.009643614
coumestrol,0.03191403,0.060710397
cyclopamine,-0.036126032,0.032178894
damnacanthal,-0.055518635,0.06607265
deoxyrhapontin,0.08074368,-0.08086753
dibutyrylcyclic-gmp,-0.009286558,0.0067843944
formestane,-0.05415047,0.0730778
ginsenoside,-0.070784375,-0.03957729
mocimycin,0.036567435,0.19765475
m-3M3FBS,0.24379013,0.015457943
m-chlorophenylbiguanide,0.014776066,-0.090519324
nTZDpa,-0.033541396,0.07945709
wiskostatin,-0.054466903,-0.22235548
alpha-estradiol,-0.04431566,-0.026409369
alvespimycin,0.061684556,0.12267921
radicicol,0.21557477,0.16968453
tanespimycin,0.1577049,0.09454925
troglitazone,0.055498928,-0.01416803
valproic-acid,-0.09506771,-0.010143745
withaferin-a,0.2806141,0.14451097
JTC-801,0.8071692,-0.05135253
epigallocatechin,-0.06588471,0.05783455
capsaicin,0.14123702,-0.010386106
BAY-K-8644-(S)-(-),-0.2557431,-0.035882074
orteronel,-0.27421176,-0.02662509
BAX-channel-blocker,0.0008591339,-0.081715256
itraconazole,-0.09391597,0.016890615
SN-38,0.5945411,0.0015547276
zileuton,-0.06006508,-0.0004414767
oligomycin-a,0.0545154,-0.004850507
RITA,-0.061712824,-0.030026004
7-nitroindazole,0.007939003,0.05630809
alda-1,-0.11302066,-0.014410228
rotenone,0.08830352,0.1396811
NVP-BEZ235,0.26132715,-0.1287365
XAV-939,-0.16443525,0.010668784
PRIMA1,-0.11857279,-0.032701887
phloretin,0.26835847,-0.13394178
SCH-79797,0.6981118,0.15206528
gossypol,0.09426103,-0.09508833
4-iodo-6-phenylpyrimidine,-0.13469633,-0.016383082
CD-1530,0.6530428,0.02084094
imiquimod,-0.093653336,-0.01067131
cytochalasin-b,0.18700089,-0.105793476
CD-437,0.47829592,0.018606514
AGK-2,-0.0037068352,0.048640974
NVP-AUY922,0.26069048,0.042562157
cerulenin,0.28156307,0.07755792
tivozanib,-0.016283967,-0.04370016
MK-1775,0.028131545,0.10271257
selumetinib,0.07454459,-0.023635548
FK-866,-0.22302563,0.006137822
serdemetan,0.14754046,-0.014536634
KO-143,0.3851356,0.022130178
quinoclamine,0.18263379,0.065024465
PF-04217903,-0.052722808,0.021881938
"16,16-dimethylprostaglandin-e2",-0.15442266,0.17051084
SJ-172550,-0.24593711,0.077416435
AC-55649,0.03657397,0.05743599
kinetin-riboside,-0.28466088,0.03896001
fatostatin,-0.15109572,-0.040418785
calcitriol,-0.040879287,0.014669996
STK-064652,-0.07218616,0.05056125
15-delta-prostaglandin-j2,-0.10898905,0.07472953
triptolide,0.6698496,-0.069121815
"9-methyl-5H-6-thia-4,5-diaza-chrysene-6,6-dioxide",-0.06286233,0.04734826
"2',5'-dideoxyadenosine",-0.030938167,0.044486076
2-fluoropalmitic-acid,-0.15239783,0.057344288
TH02453-036-P1,-0.15693268,0.04461848
CHEMBL-374350,0.048430867,0.015210602
CHEMBL-399379,0.6574031,0.14459875
RS-23597-190,-0.04517062,0.045767695
idarubicin,0.49159336,-0.025831401
CHEMBL-1222381,0.38301003,-0.028797999
PIK-75,1.1329086,-0.2093454
7b-cis,0.16028684,0.08854431
ASN-05257430,-0.117271855,0.061937585
ABT-737,0.06692611,-0.018056152
navitoclax,-0.08999453,-0.040323943
ABT-751,-0.22191654,0.15698573
veliparib,0.012031488,0.0016275533
tyrphostin-AG-112,-0.12977938,0.036971927
rucaparib,-0.01557304,0.055636376
AG-14361,0.26826906,-0.022333764
AICA-ribonucleotide,-0.22173442,-0.07775439
APO-866,-0.24043249,-0.02787362
AS-605240,0.10078286,-0.041589856
AZD-7545,0.19412076,0.05895602
olaparib,-0.0297307,-0.025088832
AZD-8055,0.62237525,-0.02374646
AKT-inhibitor-IV,0.29287416,-0.098777466
10-DEBC,-0.11999002,0.10360867
AKT-inhibitor-1-2,0.17712617,-0.0101541355
3-amino-benzamide,-0.10707163,-0.035007253
arachidonyl-trifluoro-methane,0.16126312,0.03485816
bortezomib,-0.09515284,-0.06875588
BI-2536,0.28207508,-0.14007491
BIBR-1532,0.09533665,0.13679801
pyrvinium-pamoate,0.59737223,0.06058259
BML-259,0.38706452,-0.041143626
BMS-299897,-0.11269163,0.045266062
BMS-536924,0.17263275,-0.038634807
BMS-641988,-0.06693297,-0.052631304
BMS-754807,0.07626781,0.007541597
BO2-inhibits-RAD51,0.17263733,0.07096955
BX-795,0.20303838,0.10022357
CAM-9-027-3,0.058101147,-0.048255313
CAY-10594,0.11209972,-0.062117636
CAY-10618,0.21009281,0.14451489
tosedostat,0.27686185,0.015151966
CI-976,0.0780687,0.09200589
COT-10b,0.4720259,-0.051610596
CT-200783,0.34305128,0.34125417
CYT-997,-0.033706844,0.19118528
fluoropyruvate,-0.18004084,-0.06525493
batimastat,-0.03623458,-0.058888778
DL-TBOA,-0.0204269,-0.034848616
AR-C133057XX,-0.16094166,-0.097478256
M2-PK-activator,-0.05641442,0.04312218
curcumin,0.06770696,0.036346927
cytosporone-b,-0.13148037,0.0048061125
DC-45-A2,-0.05211375,-0.019684166
DG-041,0.16404411,0.042370528
DL-PDMP,0.094792165,0.05306019
etomoxir,-0.0018115379,0.030365989
ERK-inhibitor-11E,-0.120984614,-0.030567378
EX-527,-0.13689438,-0.0063942075
evodiamine,-0.12338641,-0.0158178
FTI-276,0.009737879,-0.11438379
fumonisin-b1,-0.11234474,0.15897697
GANT-58,0.059057616,0.08548346
GMX-1778,-0.08128488,-0.03510429
GSK-2334470,-0.12893678,-0.016727226
Gly-Gly-PALO,0.0050004274,0.005763285
ISOX,0.24496311,0.20384651
neratinib,0.10279016,-0.013789721
HLI-373,-0.14342144,0.06091013
IKK-inhibitor-X,-0.16762802,0.019421667
IKK3-inhibitor-IX,-0.22841781,-0.0048134327
isoliquiritigenin,0.048972417,0.11449689
importazole,0.31242126,-0.04514408
ingenol,0.01705268,0.18781617
inhibitor-BEC,0.10291392,-0.027391165
dalcetrapib,0.20434812,0.04709211
JZL-184,-0.07129293,-0.008123994
KU-0060648,0.5142617,-0.027131978
KU-0063794,0.38425454,-0.15878756
L-690330,0.035486024,0.053649142
L-690488,0.10572262,0.1234346
sulforaphane,-0.11044812,0.07323516
sonidegib,0.1479855,0.09290726
pemetrexed,-0.0682828,0.045096263
lenalidomide,-0.22146189,0.069159135
maraviroc,-0.089133166,-0.057460517
enzalutamide,-0.15478404,-0.016967416
methylene-blue,0.3478896,0.015805125
quiflapon,0.2511521,0.11094949
MK-2206,0.17223403,0.02826577
ixazomib,0.120602205,0.027836353
pevonedistat,-0.21103343,-0.019187847
MST-312,-0.08972004,-0.030056104
NF-449,-0.2454894,-0.08471674
NFKB-activation-inhibitor-II,-0.11507535,-0.036595583
NU-1025,0.022776168,-0.01887992
narciclasine,0.32262257,0.12618092
nutlin-3,-0.04378303,0.048608005
linsitinib,0.0053808503,-0.016769052
sparfosic-acid,-0.07363325,-0.013181984
phenethyl-isothiocyanate,-0.009688109,0.057029016
perhexiline,0.095044956,-0.022487199
PF-750,0.31060922,0.03813918
PF-3845,0.010296799,-0.05826289
PI-103,0.34793097,-0.064686015
PIK-90,0.16070724,-0.028861139
PJ-34,0.08697816,0.0144336
PKCbeta-inhibitor,-0.16737568,-0.0058451295
vemurafenib,0.03855505,-0.08835049
PNU-74654,0.09756994,0.043282535
PP-110,0.44692355,-0.054979086
PP-30,0.12462333,-0.0035196394
prima-1-met,-0.07267332,-0.12285954
PRL-3-inhibitor-I,-0.11656444,-0.04638851
PT-630,-0.18447745,-0.08246705
PTB1,-0.06927365,-0.04383397
PX-12,0.21134643,0.19218946
parbendazole,0.06549169,0.07297991
phenothiazine,-0.043804426,-0.031821266
phenoxazine,0.004312642,-0.057537347
promethazine,-0.04552716,0.007736802
QS-11,-0.09911033,0.027670816
fostamatinib,-0.1976037,-0.08205679
RG-108,-0.02017939,0.18519697
RLM-2-12,-0.006439492,-0.013213843
RHO-kinase-inhibitor-III[rockout],-0.101431146,0.098905966
Ro-28-1675,0.27817422,0.016977891
SB-216763,0.029727478,0.02404502
SID-26681509,0.07594101,-0.034894813
SRT-1720,-0.0012196153,0.015802503
STAT3-inhibitor-VI,0.02097106,-0.031955466
SU-11652,1.140204,-0.06461586
orantinib,-0.19375402,0.01779902
salermide,0.37881774,0.05470089
T-5345967,0.018666469,0.028775543
TG-101348,0.26840544,-0.10833856
TGX-115,0.25572905,-0.061567664
TL-HRAS-61,0.17915899,-0.015307436
TPCA-1,0.16426586,-0.08314869
TW-37,0.057196334,0.15160617
temozolomide,0.065266356,-0.0010748878
tipifarnib,-0.21244887,-0.02798222
tipifarnib-P2,-0.06320308,-0.04869747
cyanoquinoline-11,0.0553367,-0.00278157
triacsin-c,-0.29031512,-0.06287347
UK-356618,0.0039417893,0.030711869
UNC-0321,-0.04123321,0.040205717
ursolic-acid,0.12872455,0.017280327
VER-155008,0.09763208,0.044767126
tozasertib,0.012383166,-0.036276072
valdecoxib,0.17277215,0.036988854
YK-4279,-0.04904133,0.07445047
YM-155,0.3711638,0.11435413
ZM-336372,0.36725017,0.04194936
ARG-CSC-91,0.19228223,-0.08561483
artesunate,0.06681967,-0.042182602
auranofin,0.62152153,0.0004950017
blebbistatin,0.07867996,-0.0065502375
chaetocin,-0.04036402,-0.005991854
darinaparsin,-0.16344282,0.03590626
elesclomol,0.13912019,0.064471185
endo-IWR-1,-0.13399807,-0.04965251
erastin,-0.013343807,-0.048930474
gemcitabine,0.1730246,-0.06443509
MW-A1-12,0.10629158,0.19033793
myriocin,0.058211736,-0.02947028
phorbol-12-myristate-13-acetate,-0.056868076,0.27370358
zebularine,0.02141133,-0.033102274
temsirolimus,0.45432627,-0.02661252
thiazolopyrimidine,0.07592491,0.030366264
LDN-193189,0.29056713,-0.00044749677
STK-111867,0.0852838,-0.08585011
K784-3131,0.5187901,0.041832328
benzbromarone,-0.03754631,0.009536639
MW-STK33-4C,-0.039159067,-0.15130503
ARG-TC-41,0.024925485,-0.008702943
KU-C103676,0.30666023,-0.02009505
KU-C103654,0.021970892,-0.08678374
KU-C103869,0.20462835,0.26832816
KU-C104250,0.12787038,0.019086361
EMF-BCA1-64,0.0257761,0.020523306
KU-C104493,0.12772708,0.076530695
KU-C104254,0.2868149,0.20609853
STK-661558,0.11075501,-0.044875547
KU-C104224,-0.4679377,0.031670198
KU-C104230,0.016795302,0.029766023
KU-C103656,-0.37596697,0.16326421
KU-C104502N,-0.032774884,0.081582606
KU-C104248,-0.04890505,-0.005769059
KU-C103867,-0.15451014,0.16130705
KU-C104140,0.17624423,0.044312574
KU-C103655,-0.010893356,0.14107043
KU-C104123,-0.2065393,-0.019088775
KUC104547N,0.13230568,-0.08889744
KU-C104337,0.7690896,0.15088324
KU-C103671,0.054645885,0.07609162
KU-C103871,-0.025249787,0.082695425
KU-C104486,0.29746744,-0.040369224
KU-C103658,0.026173025,0.14752941
KU-C103882,0.2877422,0.032383952
KU-C104219,0.15374689,0.06502018
KU-C104227,0.15431112,0.034334123
KU-C104223,0.011143677,-0.08322815
SJB-AF-2,0.15752354,-0.018908821
EMF-BCA1-57,-0.19245522,-0.08823037
KU-C103853,-0.002008792,-0.0183976
EMF-BCA1-60,0.015841592,-0.029939897
STK-222600,-0.10224829,0.03439531
FR-180204,-0.17948683,0.020396126
KU-C104142,0.035754636,0.0039630234
KU-C104226,-0.078234196,-0.08034666
KU-C104122,-0.17632739,0.10589333
KU-C104132,0.059176363,-0.11029053
KUC104542N,-0.04237897,0.09304333
KU-C104145,0.0011772662,0.04953693
KU-C104133,0.23411895,0.013393909
KU-C104255,0.002871517,0.13362393
KU-C103884,0.08791885,0.049890548
10H-phenothiazin-10-yl)(p-tolyl)methanone,0.0056162775,0.3202623
KU-C104228,0.1661802,0.37011626
2-(biphenyl-4-ylsulfonamido)pentanedioic-acid,0.12427919,0.049403936
K784-3187,0.32921767,0.12258655
mafenide,0.019723078,-0.19181648
5-nonyloxytryptamine,0.25830033,-0.0070067644
AT-CSC-07,0.13359377,0.01839846
AT-CSC-18,0.055240512,0.037778378
azathioprine,0.06627047,-0.043582488
BJM-AF-64,-0.023311403,0.05096495
CAM-9-021,0.113486454,0.009995788
CAM-9-026,0.05298171,-0.11162791
BJM-CSC-15,0.27352297,0.05870469
DM-55-3,-0.18800801,-0.015557207
DM-161,0.10862884,-0.017523095
DM-163,-0.032887645,0.026049048
EMF-csc-9,0.029554367,-0.08796984
FU-JMBII105B,0.040755305,0.05178702
FU-JMBII113B,0.07235962,0.20288293
FU-JMBII127B,0.021952119,0.10827555
FU-JMBII227B,0.07457877,0.059099227
JAS07-001,-0.08762097,-0.02486609
JAS07-003,-0.051040456,-0.117737696
JAS07-005,0.11171976,0.042577077
JAS07-006,0.049792945,0.006760802
JAS07-008,-0.050384417,0.045027234
JAS07-010,0.09449993,-0.09636459
KU-C103428N,0.06124489,-0.08998385
KU-C103443N,0.11832296,-0.007997004
KU-C103670,0.03290718,-0.023159906
KU-C103672,0.2681756,0.17259452
KU-C103868,-0.2157748,0.06730546
KU-C103874,-0.13988255,0.041583434
KU-C103875,-0.08428329,0.040599708
KU-C103881,-0.15206927,0.0058843605
KU-C103885,0.16703416,-0.025498874
KU-C104126N,0.0035220087,-0.09018956
KU-C104127,0.15073392,-0.022977926
KU-C104129,0.059260275,0.03535667
KU-C104131,-0.09020749,-0.034149572
KU-C104135,0.28685293,0.18894006
KU-C104137,0.25799417,0.11555229
KU-C104139,-0.109439045,-0.088799514
KU-C104141,-0.046120465,-0.09642081
KU-C104218,0.07921025,-0.18396732
KU-C104220,-0.14698574,-0.024479568
KU-C104233,0.048682243,-0.07995707
KU-C104236N,-0.016384795,-0.2185937
KU-C104253,-0.1393699,-0.12729909
KU-C104256,0.048927046,-0.060025185
KU-C104487,0.05466354,-0.049855486
KU-C104488,0.24193506,0.21500349
KU-C104491,-0.012459755,0.13224207
KU-C104495,0.7058234,0.42489305
KU-C104545N,0.22140321,-0.20465487
MW-RAS9,-0.18919598,-0.071170956
myricetin,0.0059042564,-0.070057295
latrepirdine,-0.114308074,-0.12513134
PSH-003,0.13586658,-0.18992665
PSH-008,-0.060200118,-0.026088461
PSH-010,-0.14199026,-0.023579128
PSH-013,0.22391729,0.13783608
PSH-021,0.073267624,-0.08553597
PSH-023,0.1696719,-0.065419585
PSH-024,0.31345445,-0.06581479
PSH-025,0.16032878,-0.11956379
PSH-026,-0.048149858,-0.067660734
PSH-027,-0.07630152,-0.0060265064
PSH-028,0.046036422,0.0054021776
SAL-1,-0.19634637,0.05458484
TL-HRAS-24,0.22955303,-0.08754125
TL-HRAS-27,-0.054237712,0.06661814
VU-0011562,-0.20337033,-0.13235174
VU-0365114-2,-0.17475575,0.15113354
VU-0365117-1,-0.0784289,0.08669676
VU-0365118-1,-0.04505956,0.13607559
VU-0365121-1,0.0040944517,0.26704115
VU-0366037-2,0.23123123,0.020141482
VU-0400071-3,-0.10867652,0.07481751
VU-0400193-3,-0.08120374,-0.064585716
VU-0400195-3,-0.17269507,0.08886039
VU-0403126,0.086857036,0.010877624
VU-0404997-2,0.000118508935,-0.08504203
VU-0405166-2,-0.037433833,-0.11186394
VU-0405172-2,0.1874301,-0.052391946
VU-0410183-2,0.4530682,0.2056629
VU-0413238-1,-0.2725637,-0.04002341
VU-0413243-1,0.1304891,-0.06052886
VU-0413247-1,0.08446614,-0.067700684
VU-0413255-1,0.007066697,-0.104571365
VU-0413807-2,-0.10391981,0.14738484
VU-0414833-2,0.20706867,-0.16052271
VU-0415010,-0.03348142,-0.114776
VU-0415011,0.13505249,-0.087382875
VU-0415012,0.16772808,-0.082624055
VU-0415108-1,0.04726323,0.071861446
VU-0415113-1,0.4328771,-0.038694676
VU-0415374-1,0.12645821,-0.07793298
VU-0415533-1,0.14536482,-0.05498685
VU-0415535-1,0.055725694,0.10001678
VU-0415555-1,0.001325503,-0.020497978
VU-0415556-1,-0.09288234,-0.0094537735
VU-0418000-1,0.025676237,-0.080199875
VU-0418934-2,0.723575,0.041038215
VU-0418939-2,0.56602347,0.23426113
VU-0418946-1,0.54919827,0.23652115
VU-0418947-2,0.7136804,0.2967915
VU-0420363-1,-0.11902055,-0.042856373
VU-0420364-1,0.03431254,0.014947787
VU-0424182-2,-0.036480784,-0.04066016
VU-0424206-1,0.20569882,0.017419968
VU-0447126-2,0.025273185,-0.09827105
VU-0447127-2,-0.27906135,-0.03676173
VU-0447134-2,0.004689455,-0.14119697
acyclovir,0.10214147,-0.031915903
ARG-A1-2,0.13965975,0.14084408
ARG-A1-22,0.34041658,-0.008183785
azithromycin,-0.06519322,-0.06661185
BIX-02188,0.11609103,0.00465174
carbidopa,0.20019566,0.043190107
cefotaxime,0.09143388,0.016957756
clopidogrel,0.098093316,-0.0070115477
dicloxacillin,-0.09259452,0.057367682
ethambutol,0.04445291,0.022058576
gatifloxacin,0.15990746,-0.13615406
glycopyrrolate,0.04226379,0.14301881
propranolol,-0.015514735,-0.038166523
lamivudine,0.01477905,0.033198167
methylprednisolone,0.20444676,0.12480348
MW-A1-14,-0.15442304,-0.04273641
penicillin,0.17234144,-0.123613104
phenelzine,0.17977694,0.026126683
ribavirin,0.065122224,-0.0020757169
rifapentine,0.08118764,0.016180951
terazosin,-0.0031626578,-0.012348864
dextrorphan,0.27023274,-0.1554816
cotinine,0.45367098,-0.016663432
GP-42,0.50983036,0.123949386
NK26-I-41-1,0.017558906,-0.11045456
VU-0418933-1,0.43309602,0.22134367
SA-1447005,0.047774475,0.07016493
NK42-I-109-1,0.023188215,0.09672749
KU-C103420N,0.033933014,0.20439512
UGISS-186,-0.0035828126,0.085148096
PATI-1-2-3,0.20236108,-0.035212312
KUC103423N,0.2681076,-0.023261994
KUC103424N,0.33617753,0.15391158
RAN-27,0.08034921,-0.00084824115
MW-STK33-22,-0.015635267,-0.01018694
RAN-29,0.10940893,0.022817478
MD-II-008-P,0.77937114,0.21264961
pyroxamide,0.11668873,0.11110762
RAN-03,-0.14370573,-0.029435694
givinostat,0.085663654,0.15197518
I-303059,0.10704172,-0.19109455
ARG-CSC2-23,0.05723851,0.043746576
MW-A1-18,-0.03650764,-0.17645043
TUL-XX025TFA,0.067820065,-0.088900514
ALW-II-49-7,-0.10747322,0.06637221
TUL-XXI039,-0.069916904,-0.003294304
TMI-15,0.008216944,-0.074454606
BIX-01294,0.2036325,-0.058481738
cyproheptadine,0.26600403,0.010327145
RAN-05,-0.022003286,0.08688577
ketoconazole,-0.05110529,0.09119486
RAN-14B,-0.03144914,-0.025945514
cytarabine,0.38277638,-0.17084187
KUC104235N,0.023140598,-0.017351717
KU-C103898N,-0.0574449,0.03113681
TUL-XX023,-0.1985604,0.04195565
RAN-14A,-0.07733427,-0.023421258
SA-425500,-0.13004759,-0.10160045
diphenhydramine,0.030840999,-0.12815109
2-(4-methoxybenzylthio)-6-methylpyrimidin-4-ol,0.37816498,-0.16970776
RAN-02,-0.06489821,-0.059955984
nandrolone,0.21463846,0.0993519
SPB02137,-0.088197455,0.047437456
N-(3-acetamidophenyl)-3-chlorobenzamide,-0.2525768,0.05543627
ML-167,-0.014632434,0.065332085
KU-C103904N,0.038275465,-0.040878445
RS-I-002-6,0.31686586,0.1788184
ALW-II-38-3,-0.07848187,0.12316355
KB188-III-56,-0.15761694,-0.09481865
DY-44,0.04479368,-0.09598632
QW-BI-011,-0.32066858,0.07952337
WT-171,0.25728008,0.17646153
MD-049,0.30772144,0.07288067
entinostat,0.12670603,0.093717426
TUL-XIX029,0.24668568,-0.07631615
KUC104240N,0.13985673,0.06833275
I-070754,-0.057650004,-0.08879498
RAN-30,-0.1082359,-0.17241096
I-212148,-0.093136914,-0.1528837
MD-040,0.3334571,0.028510574
selegiline,0.08431572,0.053487115
MD-II-051,0.35067883,0.13182324
I-070759,0.27634805,0.067623734
KUC103893N,0.13334897,0.16184248
KUC103903N,-0.032835744,-0.06603037
UGISS-451,0.18004805,0.0480901
TUL-XVIII076,0.029097706,0.025271997
nicorandil,0.17116155,-0.07074792
RAN-07,0.08258338,0.011744171
SA-103006,-0.16455607,0.038666368
secnidazole,0.12915868,-0.0024558455
1-benzylimidazole,-0.18106523,0.07689276
NM-PP1,-0.035862252,-0.007120803
HU-211,0.072106734,0.08113797
CAY-10470,0.17951968,-0.012161212
propylpyrazole,0.09332927,-0.21773012
CAY-10578,0.08751638,-0.012586519
treprostinil,0.13132079,0.05374553
larixinic-acid,-0.13135384,-0.15074247
CP-466722,0.21244228,0.07167213
ipidacrine,0.071447305,0.042728424
zalcitabine,0.07412464,0.031607635
didanosine,0.09572535,0.06687506
niacin,0.03957954,-0.21018519
K784-3188,0.4079448,-0.03616468
cladribine,0.3722974,-0.14240412
iloprost,-0.02172969,-0.011073762
LM-1685,-0.29484856,0.058956206
deferiprone,-0.37745437,-0.08033165
nicotinyl-alcohol-tartrate,-0.14221534,0.054627016
PD-173074,-0.11180486,0.0032083923
GANT-61,0.1299175,-0.040660143
moclobemide,0.26638788,-0.08032108
thiazolidinecarboxylic-acid,0.18940218,-0.014895352
mesalazine,0.21993184,-0.064985126
5-FP,0.13723594,0.04135786
flucytosine,-0.109507404,0.09207595
5-methoxytryptamine,0.12052105,-0.07662858
epigallocatechin-gallate-(-),-0.15340337,0.038712755
mofezolac,0.10811898,-0.13036825
aminoindazole,0.23709254,-0.011232659
azauridine,0.06446398,0.022174358
fludarabine,0.34626016,-0.16443491
AF-DX-116,0.1686716,-0.07712066
CAY-10415,-0.13994478,-0.09336269
F-1566-0341,0.4227962,0.340571
nikkomycin,-0.12816967,-0.06116098
MW-STK33-3A,-0.01447863,-0.03487785
MW-STK33-3B,-0.027552135,-0.025463939
desloratadine,-0.10555484,0.020809203
tacrine,-0.008155981,-0.03197559
decitabine,-0.06146135,-0.009742998
6-aminochrysene,0.050569043,-0.006549958
antimycin-a,0.07030447,0.045210913
BIX-01338,0.09478797,-0.06524404
BAS-00535043,0.10136645,-0.10311771
BAS-00594560,0.15137927,-0.01513052
BAS-02859604,-0.00047893776,-0.04675916
BAS-09104376,-0.29177123,0.003794521
BG-FA-0953,0.38590837,0.04807164
buthionine-sulfoximine,-0.060731076,-0.042265087
cytochalasin-d,-4.3988228e-05,-0.009190321
doxercalciferol,-0.2626998,-0.004689783
EMF-sumo1-10,0.055867117,0.05204408
depudecin,0.03828787,0.00047840178
ebselen,-0.07691592,-0.08661282
F-1061-0166,0.098951764,-0.024501245
alvocidib,1.4077971,-0.07418294
carbetocin,-0.28364336,-0.08420279
dasatinib,0.35870892,-0.11030612
NVP-TAE684,0.30047607,-0.09120176
AZD-7762,0.17166907,-0.0043327212
GSK-429286A,0.0031883002,0.025899898
GNF-2,0.21398243,0.07117349
CP-724714,0.14468852,0.035573944
CGP-60474,1.505331,-0.02438891
GSK-461364,-0.2341435,-0.00477656
AT-7519,0.93940175,0.031615257
imatinib,-0.013988342,-0.01031877
JAS07-002,0.35549772,0.10733095
JAS07-004,0.21465538,0.09170711
JAS07-007,-0.07121809,0.08133662
JAS07-009,-0.09198984,-0.06273656
JFD02227,0.05058682,-0.07719891
K784-3391,-0.19096567,-0.01176092
KM-01366,-0.013260409,0.025560096
KM-03439,-0.013252478,-0.09025829
KM-04501,0.23928577,0.123503566
KM-00799,0.34069943,0.01723361
KM-03472SC,0.1461287,-0.044659868
latrunculin-b,0.19259438,-0.1341015
SPB02303,-0.018720258,0.16135064
CS-2092524,0.01943107,0.15400806
heraclenol,-0.064497605,-0.046460465
OM-137,0.044149123,-0.13373172
PD-168077,-0.13127923,0.044420145
PSH-012,0.267847,0.15229103
PSH-022,0.55137527,0.008456513
varenicline,0.061007634,0.005753517
linezolid,-0.22841741,-0.011099704
parthenolide-(alternate-stereo),-0.27433896,0.1420036
alitretinoin,0.11893101,-0.084004715
sorafenib,0.047080286,-0.0036181808
axitinib,0.040813677,-0.07828426
saracatinib,0.15109238,-0.16013603
afatinib,0.14676306,-0.06053581
PD-184352,-0.042225547,-0.021244675
deforolimus,-0.1711526,-0.07398104
lapatinib,-0.15424043,-0.072196186
panobinostat,0.71054673,0.103001535
motesanib,-0.03790702,-0.0136272535
PD-0325901,-0.023696024,0.021683097
tandutinib,-0.0043687867,0.028722592
obatoclax,-0.08433361,0.17925704
HA-14-1,0.07198948,-0.030731738
ZSTK-474,0.32032022,-0.049197435
belinostat,0.7380086,0.28253055
GSK-1904529A,-0.05562178,0.0825004
ZM-447439,0.030645594,0.003773028
danusertib,0.18599863,-0.2168952
andarine,0.12664154,0.026209325
barasertib-HQPA,0.023464724,0.03559745
docetaxel,0.08791356,0.046295796
PLX-4720,-0.09526509,-0.054851882
SNS-314,0.255026,0.04219202
capecitabine,-0.073387034,0.034566358
enobosarm,0.01176817,-0.12544388
BIIB-021,0.37128314,0.039800007
raltitrexed,0.056263182,0.009507179
JNJ-7706621,1.5419436,0.01578924
epothilone-a,0.15607765,0.11410033
floxuridine,0.31612107,0.005974449
KI-16425,0.20234059,-0.1239782
TG-100115,-0.16526936,-0.016433239
ON-01910,0.004984021,0.05035293
epothilone,0.018628856,0.091297805
amonafide,0.48160368,0.12321293
ispinesib,-0.08186788,-0.0962902
cilomilast,-0.1087985,0.080637574
zibotentan,-0.0022654682,-0.15045166
raltegravir,0.040547997,0.12692533
sitagliptin,-0.39012197,0.06902629
tofacitinib,-0.07274809,-0.11800708
SEW-00445,0.06868779,-0.1025767
SEW-05685,-0.12785946,-0.06882173
ST-001903,0.08275522,0.10349803
ST-003833,0.11182029,-0.047059
ST-012015,0.13440286,-0.03893699
ST-012030,-0.123491496,-0.077482596
ST-012525,-0.03835003,-0.14584953
ST-013960,0.11502433,0.13337964
ST-019365,-0.08233456,-0.09238672
ST-019366,-0.050166436,-0.069961905
ST-019386,0.04947354,-0.00202626
ST-022313,-0.09377578,-0.06556047
ST-023431,0.17056805,0.004544884
ST-024029,-0.11350562,-0.059793234
ST-056792,0.20645794,0.30382732
ST-208960,0.13703756,-0.0994508
ST-209453,0.056858603,-0.07587642
ST-4028268,-0.06732519,0.035955846
ST-4029010,-0.19452202,0.0043478906
ST-4029487,0.032874398,-0.11753811
ST-4029573,0.5575946,0.07681449
ST-4029655,-0.085449554,-0.098877475
ST-4034902,-0.1701865,-0.012248158
ST-4034917,0.14072292,-0.061065465
ST-4039884,-0.09472075,-0.0056783855
ST-4042556,-0.20145914,-0.012617528
ST-4049616,-0.07882904,0.045925975
ST-4066738,-0.086359575,0.021441855
ST-4070043,0.050749525,-0.056445725
ST-4070169,-0.22724546,-0.012608841
ST-4075437,-0.2511456,-0.013129815
S-206352,-0.20185204,0.05237675
STK-674938,-0.044538103,-0.10300623
STOCK1S-03920,0.068742566,0.093656816
MW-STK33-2C,0.16016063,0.020694029
MW-A1-6,0.016531726,0.015780509
MW-A1-2,-0.018015858,0.010058194
MW-STK33-4A,-0.12795642,0.07701996
topotecan,1.7855432,-0.008895755
tunicamycin,0.39410537,-0.14563
thiostrepton,0.37914395,0.12791574
VU-0366968,0.09525502,0.081801265
VU-0402604,0.057751283,0.037409782
VU-0402605,0.10171959,0.109016106
acarbose,0.08750217,-0.0032316893
actarit,-0.24361512,0.07021311
alosetron,0.08761433,-0.060419902
alprazolam,0.314,0.07724893
amlexanox,0.0503553,-0.015204817
ampiroxicam,0.19327524,-0.09733129
anastrozole,-0.021609694,0.027267555
argatroban,-0.18902318,0.0922764
aripiprazole,0.2138236,-0.15789586
artemether,0.22412187,0.040586412
atracurium,0.015772887,-0.1982913
azelastine,0.12248316,-0.18518215
balsalazide,0.12160706,0.06931255
beclometasone,-0.016600125,0.071212664
benactyzine,0.3562277,-0.018584192
benidipine,0.053220324,-0.030179717
benproperine,-0.040613666,0.05878415
bifonazole,0.19426872,0.08533841
buflomedil,0.011213064,-0.034326956
carmofur,0.013182521,-0.012367668
cefaclor,-0.020640321,0.05172666
cefatrizine,-0.29233328,-0.052120283
cefdinir,0.106847174,-0.024729311
cefpodoxime,0.083214335,-0.0986194
cephalexin,-0.029166624,0.007547304
cerivastatin,0.20086628,0.10484886
cetraxate,0.06490788,-0.01428473
chlordiazepoxide,0.18972564,0.064172804
clarithromycin,0.1890243,-0.052039593
clofazimine,0.023409314,0.12748745
clotrimazole,0.43323123,0.045691084
corticosterone,-0.015767004,0.2053079
cycloserine-(d),0.05375582,-0.03201001
dehydrocholic-acid,0.25341526,-0.055387788
dexbrompheniramine,-0.0064958446,0.0072053745
dexchlorpheniramine,0.10042647,-0.013771847
dichloroacetic-acid,0.22036529,-0.072119445
diphenoxylate,-0.04937283,-0.0749557
diphencyprone,-0.006413039,0.13007738
dofetilide,0.19771276,0.09743199
dolasetron,-0.030414267,-0.03201481
doxapram,0.039651845,0.03611143
efavirenz,-0.0061129294,-0.049138255
enalaprilat,-0.026262961,0.079124734
esmolol,0.0052292645,-0.07022874
esomeprazole,-0.122544855,-0.06377524
ethylestrenol,0.24385096,-0.0064147636
ethinylestradiol,0.07198889,-0.21113886
famotidine,0.15888944,-0.058719516
fenpiverinium,0.03670853,-0.041071773
flubendazole,-0.044699885,0.25529298
flurbiprofen-(+/-),0.15016696,-0.040858626
tegafur,0.043088973,-0.116987035
goserelin,0.024482556,0.16131765
granisetron,0.088552475,-0.026631713
halometasone,0.31564677,0.09694034
homoveratrylamine,-0.0005630776,0.04553674
honokiol,0.5447668,-0.016860038
hyperoside,0.16282523,0.033864617
idebenone,0.00643073,0.07834074
ifenprodil,0.14112307,0.13257356
indatraline,-0.07822858,0.0637455
indinavir,0.0319749,0.15048517
ipriflavone,0.06776806,0.047749255
isoquercetin,0.2414039,-0.074116446
pitavastatin,0.6909283,-0.026946496
itopride,0.09692762,-0.03143391
kitasamycin,0.098090455,-0.09059584
methotrexate,0.30007693,-0.06433019
targinine,0.31191757,0.07841333
lacidipine,0.34852386,0.053208143
lansoprazole,-0.19690114,-0.039162397
latanoprost,0.3119018,0.07766956
levetiracetam,-0.0085746795,-0.10263842
levocetirizine,-0.060606256,0.04433614
levofloxacin,0.18433791,-0.03991001
levosulpiride,0.2631258,-0.08245695
lobeline,-0.08283367,-0.046127595
lofepramine,0.3755329,-0.08451992
lofexidine,0.01903303,-0.063025
lomerizine,0.3947729,0.03589934
lomifylline,0.06290438,0.17280738
loratadine,0.23649213,-0.011234462
lorazepam,-0.019164264,0.027447313
loteprednol,0.33855447,0.0947739
loxoprofen,-0.04157439,0.0004888177
mecillinam,-0.0576042,-0.010871142
medroxyprogesterone,0.053582735,0.14379397
memantine,0.020020228,0.037291303
mepivacaine,0.12474088,-0.12891711
meropenem,0.111977465,-0.11109342
mestanolone,0.07731367,0.16825917
methandriol,0.435146,0.036481112
metronidazole,0.24352778,-0.15031068
midazolam,-0.1613998,0.085748374
miglitol,0.049592473,-0.0488517
milnacipran,0.25386423,-0.04442155
montelukast,0.17861742,-0.029434547
mosapride,0.030938057,0.02577877
moxifloxacin,0.06526969,-0.0060797706
hexamethylenebisacetamide,-0.108738236,0.07493392
naftopidil,-0.062207423,0.04039976
nelfinavir,0.2588453,0.029581696
nialamide,0.33826464,-0.03206998
nicotinamide,0.12515196,-0.030409195
nifekalant,-0.16657418,-0.029698014
nimetazepam,-0.08875136,0.004072301
nisoldipine,0.33842984,0.16035238
nitazoxanide,0.26037887,0.04123459
nitrazepam,-0.17908703,-0.23990402
nornicotine,-0.07422653,-0.047881007
olanzapine,-0.17164019,0.09833968
oligomycin-c,0.18860579,0.0013958514
olmesartan,-0.12776351,-0.018210918
olopatadine,0.18056534,-0.060286462
orlistat,0.20575811,-0.06615229
ormetoprim,0.04258307,-0.08957398
oxiconazole,0.45223653,-0.040399857
oxymetholone,-0.16937584,0.08665345
oxyphenonium,0.18985112,-0.08310058
palonosetron,-0.033063933,-0.05367303
pancuronium,0.079431206,0.0046892166
parecoxib,0.047207482,-0.027084097
pazufloxacin,0.30624175,-0.11842222
pefloxacin,0.06370126,-0.13272065
pemoline,-0.024072193,-0.12601174
penciclovir,0.07692442,0.0728371
perospirone,-0.19454736,0.03488034
phenprobamate,-0.20413601,-0.112991855
polydatin,-0.12541084,0.067852795
pidotimod,-0.29365888,-0.25203598
pilocarpine,0.06757229,0.004747917
pramipexole,0.20630674,-0.1283356
pterostilbene,0.16268043,-0.042634692
rabeprazole,0.21660274,-0.01846151
reichstein,0.16442084,0.14183015
rifabutin,0.17777866,0.032131046
rifaximin,-0.10415333,-0.12658724
ritonavir,0.075089425,0.26217288
rolitetracycline,0.37317276,0.00427258
ropivacaine,0.037629377,0.082588166
roxatidine-acetate,0.13643304,-0.04808998
rufloxacin,0.11808558,0.03684877
salbutamol,0.23993653,0.0028005838
secoisolariciresinol,0.23521839,-0.10556607
sibutramine,-0.13829762,-0.04486826
stavudine,0.1603702,0.070025325
stiripentol,-0.00067602843,-0.088135004
sulfasalazine,0.06933434,-0.10686913
sumatriptan,-0.14604732,-0.09629023
synephrine,-0.07428372,-0.017510094
taxifolin,0.34119046,0.029987514
tegaserod,0.22109112,0.18498367
terbinafine,0.044416375,0.033179954
disulfiram,0.3842104,0.30449292
TFMPP,0.081450626,-0.19562939
tiagabine,-0.053103052,-0.0021247976
tibolone,0.056990203,0.013204031
tinidazole,0.16265754,0.06090112
tolterodine,0.0021128915,-0.103839226
topiramate,-0.029802233,-0.045597002
tosufloxacin,0.013389796,0.040082484
tremulacin,0.4619335,-0.061900094
triclabendazole,0.17476214,0.007715851
oxcarbazepine,-0.06884085,0.11256166
trimebutine,-0.0021994133,0.07854812
troxipide,0.299164,-0.12916175
urapidil,-0.023073107,-0.12900966
valaciclovir,-0.06992695,0.035877675
vecuronium,-0.06636154,-0.020410359
vindesine,0.039232865,0.25515866
vinorelbine,-0.13194725,0.15752582
nevirapine,-0.1155249,-0.031901434
voriconazole,-0.15785043,-0.06750396
xanthinol,0.052985683,-0.111179136
zafirlukast,0.013465896,-0.13685006
zeranol,-0.04103293,0.08443881
zolpidem,-0.052805036,-0.078389116
CVF-SUMO-13,-0.011011848,0.039318956
AT-SUMO-1,0.34479362,0.23082422
AS-601245,0.47409403,0.0780831
NPK76-II-72-1,-0.18197823,-0.0021847114
EMF-sumo1-11,0.19866714,0.1343045
EMF-sumo1-1,-0.11182332,0.0587191
XMD-1150,0.12565722,0.02326686
KIN001-244,-0.17438638,0.08443683
JNK-9L,0.4359502,-0.0073788315
KIN001-242,0.21688926,0.007304417
A-443644,0.5969826,-0.12416911
torin-1,0.4965303,0.10226246
XMD-892,0.17931488,0.010149032
GDC-0941,0.3084796,-0.07376942
dacinostat,0.23754273,-0.04680161
XMD-885,0.06262851,-0.043159023
torin-2,0.42071444,0.092156455
WZ-4002,0.009034291,0.03476742
JWE-035,0.13387024,-0.028554462
CG-930,-0.074962296,-0.05237087
somatostatin,0.18573621,-0.06369999
AS-604850,0.08294941,-0.025007857
CAY-10577,-0.1662554,-0.0020361561
CAY-10585,-0.0074669747,0.16088375
neurodazine,-0.34384382,0.050012663
HNHA,0.17837924,0.09126576
oxalomalic-acid,0.03293848,0.03979528
chromomycin-a3,1.0277367,-0.18737924
calmidazolium,0.21665883,0.009461328
GSK-3-inhibitor-IX,-0.012706153,-0.04759582
celastrol,0.032966226,0.024567932
ochratoxin-a,0.45326746,-0.0010972023
KU-55933,-0.11755192,-0.033640295
GW-501516,0.039494723,0.12621115
tenovin-1,0.07120101,-0.05425468
EMF-sumo1-6,0.024599444,-0.09586763
"7,8-dihydro-L-biopterin",-0.12141268,-0.035522923
OSI-027,0.3172332,-0.048765104
APHA-compound-8,0.010309997,0.024783773
tyrphostin-AG-1295,-0.30546266,0.077518895
BI-78D3,0.0074745268,0.10621588
BCI-hydrochloride,0.21472347,0.23193978
retinol,-0.22687566,0.086529136
retinyl-acetate,-0.06908689,-0.017469808
BL-050,-0.04818878,0.009868983
cholic-acid,-0.16695383,-0.11087383
deoxycholic-acid,-0.113000415,-0.009991407
chenodeoxycholic-acid,-0.084784456,-0.017602965
taurocholic-acid,-0.08137858,-0.090965256
taurodeoxycholic-acid,0.0018751789,-0.0018523335
TCPOBOP,-0.02879695,-0.031443276
lithocholic-acid,-0.22226126,-0.043423664
BL-077,0.017491437,-0.031718433
farnesol,-0.1348706,-0.05599416
androstenol,-0.122517906,-0.028219203
androstenedione,-0.12262496,0.077525266
D-609,-0.07253556,-0.06837684
cyclazosin,-0.085965075,0.008150704
2-aminopurine,-0.11981475,0.074972734
ruxolitinib,-0.01926863,-0.037313763
CGP-52411,0.0944978,-0.02510899
calcifediol,0.16966492,0.08152422
ebelactone-b,-0.03708998,0.06486112
ellipticine,0.2182177,-0.093981855
H-7,0.062055677,-0.048635375
sphingosine,0.22730401,-0.06819698
staurosporine,1.7133467,-0.21972728
tyrphostin-51,-0.14262062,-0.12455432
tyrphostin-A9,0.18954268,0.2104766
dexketoprofen,-0.05529091,0.0078022964
EI-231,-0.051715147,0.06336429
lavendustin-c,0.03612598,0.009340122
EI-247,-0.12683895,-0.024383148
tyrphostin-AG-126,0.2266891,-0.07417006
EI-273,-0.050394062,0.041942723
5-iodotubercidin,1.5230825,-0.05979991
terreic-acid-(-),0.03529016,0.13963723
tyrphostin-AG-1288,0.0043926416,-0.057524815
eicosatetraynoic-acid,-0.16518813,-0.009592399
EMF-sumo1-2,-0.22994064,0.037220336
flupirtine,-0.27433783,0.024012387
acetyl-farnesyl-cysteine,-0.096264616,0.029357668
farnesylcysteine-methyl-ester,-0.14921471,-0.00487113
acetyl-geranygeranyl-cysteine,-0.19073752,-0.035300657
geranylgeraniol,-0.16218206,-0.034739938
GSK-0660,-0.10220997,0.08555214
isotretinoin,-0.09427982,-0.08575279
acitretin,-0.07880931,0.041383155
4-hydroxyretinoic-acid,0.06741065,-0.02397561
GR-206,-0.008258268,0.0073120175
"3,3'-diindolylmethane",-0.19778848,0.03270772
hydroxycholesterol,-0.060557097,0.055068046
epoxycholesterol,0.021703297,0.0686663
GR-235,-0.02490507,-0.029399015
tetradecylthioacetic-acid,-0.07743758,-0.11046731
hyperforin,0.057846285,0.018902734
rifampicin,-0.004977621,-0.0033449605
HC-toxin,0.3507513,0.113208786
HO-013,-0.0675137,0.062900215
WYE-125132,0.50735515,-0.07475098
nilotinib,0.02394746,0.010652065
MLN-8054,0.04319211,0.05094815
enzastaurin,-0.14713176,-0.07638608
AZD-6482,0.056399725,-0.07931607
TAK-715,-0.14146307,-0.10989778
PF-562271,0.1521076,-0.013208255
BMS-345541,-0.10657857,0.14185011
SB-590885,-0.053015143,0.03409131
PHA-793887,0.6492263,-0.03910634
AZ-628,0.00015996397,-0.10657178
BX-912,0.2593487,-0.06612781
NU-7441,0.025175743,-0.15767567
KIN001-127,-0.009326074,-0.07144321
KIN001-055,0.14607343,-0.028895497
quizartinib,-0.0674027,-0.038549796
palbociclib,0.34524968,0.03421448
crizotinib,-0.03421592,0.018143702
gefitinib,0.06665975,0.03041333
erlotinib,0.1705738,0.009181112
GSK-1070916,0.05846946,-0.095763445
aurora-a-inhibitor-i,-0.0021736026,0.025684014
EMF-sumo1-5,-0.024951665,-0.025060594
K-858,-0.03436351,0.03740131
KM-00927,0.18689075,-0.1161046
lestaurtinib,0.9634789,-0.24415511
L-2167,-0.14708519,-0.12896201
lopinavir,-0.11174817,0.026358187
mirin,-0.0671874,0.13126574
PU-H71,0.21484317,0.19917081
prostaglandin,-0.17802173,0.13114482
pirarubicin,0.88604224,-0.08043969
reversine,0.3569662,0.0017194524
lypressin,-0.107096806,-0.12011737
linifanib,0.0392778,0.08597572
bosutinib,0.04912612,-0.039958376
cediranib,0.14648435,-0.12134029
dovitinib,-0.03390892,-0.0051583126
canertinib,0.120845154,0.0013446659
pazopanib,-0.116185494,0.026899872
sunitinib,0.19250101,0.17803425
masitinib,0.0009169169,0.0020928718
SU-11274,-0.16645038,0.049418148
brivanib,0.07383274,0.0018188879
GDC-0879,0.17740875,-0.033715297
XL-147,0.31608582,0.034741722
everolimus,0.39180523,-0.16910616
mocetinostat,0.67663145,0.13270551
TGX-221,0.20493437,-0.002293611
WZ-3146,0.26414827,-0.028852422
JNJ-26481585,0.015825626,0.0104962215
plinabulin,-0.099769175,0.18971604
danoprevir,-0.12629114,0.007045483
aprepitant,0.008605676,-0.031126097
dexrazoxane,-0.038495686,-0.046409655
entecavir,0.01875417,-0.054764412
cinacalcet,-0.052874383,0.021179974
WYE-354,0.39060766,-0.02232771
VX-745,-0.012951387,-0.12031072
safinamide,-0.1427402,-0.08099976
AS-703026,0.005032746,-0.019337192
VX-222,-0.15022516,-0.072582364
zosuquidar,-0.054404978,-0.10118995
iloperidone,-0.15872028,0.13482201
HMN-214,0.13791305,0.13894425
elvitegravir,0.24929336,0.01975318
vicriviroc,0.16182925,0.19554636
rivaroxaban,-0.23499903,-0.051029354
VX-702,0.18678755,-0.165149
SB-525334,-0.1431332,-0.051455747
oleoylethanolamide,0.026939476,0.03281332
ST-4062971,0.044734966,-0.12189621
STK-249718,0.8218329,0.20419678
STK-397047,0.79793066,0.24986894
EMF-sumo1-3,-0.040584736,0.030259259
EMF-sumo1-4,-0.22011495,-0.06922499
EMF-sumo1-9,0.0754713,-0.109793186
tenofovir,0.3067301,-0.038997434
EMF-sumo1-8,-0.06178908,0.03788267
tamibarotene,0.20076826,0.11130075
EMF-sumo1-7,-0.15604915,0.017129056
EMF-sumo1-12,-0.21787468,0.05857753
verrucarin-a,0.6799162,-0.33296317
xanthohumol,-0.05599706,0.07654236
ziprasidone,-0.09004311,0.10019017
epinephrine-(racemic),0.14521651,0.043481797
norepinephrine,0.0007081032,0.022558063
SA-3676,0.30247685,0.027289184
ST-014366,0.04322751,0.029312365
ST-014147,-0.108744964,0.054926008
genipin,-0.041757554,0.0082362145
orciprenaline,0.026602648,0.008561265
bicuculline,0.003169775,0.10783961
cyclophosphamide,0.11338281,0.055464953
L-ascorbyl-6-palmitate,-0.084383756,0.1874177
4-hydroxy-2-nonenal,-0.009010948,0.17248052
dihydroxyphenylglycine,-0.07744361,0.12585989
CVF-SUMO-7,0.10376918,0.09165689
streptozotocin,0.12120795,-0.010611741
nomifensine,-0.22918639,0.080969095
17-hydroxyprogesterone-caproate,-0.032271173,0.03625548
CVF-SUMO-11,0.44477156,0.25483897
fosinopril,-0.00350146,0.01348123
KM-04644SC,0.10186474,-0.06754592
3-methyl-GABA,-0.05313501,0.103541404
6-hydroxytropinone,-0.26814115,0.13857548
tetrahydrobiopterin,-0.10530084,0.022999585
5-methylhydantoin,-0.026708778,0.007875323
ascorbic-acid,0.2267152,0.081176646
cephalosporanic-acid,-0.0728846,-0.03426053
4-carboxy-3-hydroxyphenylglycine-(RS),-0.11104867,-0.13591403
1-monopalmitin,0.050522722,0.003987968
EMF-sumo1-39,0.43706942,0.18030989
3-matida,-0.05569891,0.10691717
bimatoprost,0.23163322,-0.37126154
CVF-SUMO-14,0.38439324,0.364725
gestrinone,-0.08428917,-0.14148146
acadesine,-0.044645265,0.027640045
MW-MITF9,-0.17337833,0.032702833
tubastatin-a,-0.039548486,-0.0042546242
JNJ-38877605,0.101910666,-0.011683829
SD-6-035-A9,0.16916631,0.12567346
SD-8-006,-0.012832599,0.023098761
MW-MITF28,0.012346288,-0.03915754
SA-423131,-0.068983726,-0.069221914
Merck60,0.08118139,0.031045526
MW-STK33-23,1.6208582,0.03967452
GSK-1059615,0.35772327,-0.03796635
"1,2,3,4,5,6-hexabromocyclohexane",-0.28936648,-0.016512275
tolcapone,-0.011037447,-0.095267445
aspirin,-0.2317114,0.12402031
droxinostat,0.024436489,-0.063330114
trimidox,0.15745431,-0.017853439
4-(2-amino-ethyl)-benzenesulfonamide,-0.19454044,0.15181343
SA-97259,0.2459619,-0.06620601
CS-110266,0.21671455,-0.10538988
SA-427543,-0.11887172,-0.07582763
I-606051,0.2849878,0.011343326
ARG-CSC-18,0.05505719,-0.061927974
SA-423167,-0.06454962,-0.025811937
RDR-01440SC,-0.33768272,-0.14398384
SA-247384,0.15112634,0.034254283
SA-94315,0.15826732,0.024539448
YL-59,0.10901679,-0.1013653
YL-60,0.07216625,-0.07558787
MW-STK33-1A,-0.033582535,-0.19532573
KM-00519SC,0.09149158,-0.120140076
SA-424936,-0.09181569,-0.096975416
SD-6-035-A11,-0.04481477,0.015748043
MW-MITF22,-0.18608427,-0.041153274
KM-03949SC,0.37001708,-0.0089343935
MW-STK33-2A,0.1110567,-0.008795291
ST-014075,-0.005638674,-0.04269743
1-phenylbiguanide,0.24167,0.26958033
ARG-CSC2-40,-0.12348155,-0.10674125
"3,6-dimethoxyflavone",-0.07109009,0.06604084
YL-52,0.032852232,0.036670804
tienilic-acid,-0.13681117,-0.17700543
SA-84512,-0.2677029,0.081794366
RJC-00245SC,0.41193497,0.055003256
SD-6-035-A1,-0.07405838,-0.091800064
SA-247714,-0.16886032,0.08266497
edaravone,-0.117699236,0.06927812
erbstatin-analog,0.20064664,0.055231735
III606050,0.33649737,-0.12507099
acepromazine,0.08083722,-0.08436704
MW-STK33-1C,-0.1936444,-0.022699893
SD-6-035-A8,-0.1559382,-0.16595122
SA-424589,0.0037917458,0.124144375
dopamine,0.05278255,0.025647841
HTS-12264SC,-0.013913952,-0.039483495
SD-6-035-A7,-0.03293871,-0.12836054
SD-8-005,-0.0877393,-0.090724625
YL-53,0.2028833,-0.24845742
methapyrilene,0.14094536,0.07543831
bromfenac,0.06420137,0.03155355
SD-6-035-B2,0.09013935,-0.053385973
LY-2140023,-0.14471824,-0.093503684
TBEP,-0.1950244,0.09750615
EMF-bca1-16,0.41254905,0.106983386
ARG-CSC-22,0.11512258,-0.02989107
UTMB-00530,0.2303793,0.040124282
"7,4'-dihydroxyflavone",0.17800766,-0.099953525
NCH-51,0.598267,0.25124443
SA-1017940,0.17345862,0.031505376
abiraterone,0.21787672,-0.09631315
YL-61,0.22619072,0.100285694
NSC-94258,-0.15647769,0.06178529
SD-6-035-B3,0.04875449,0.12443358
YL-54,-0.031553432,-0.08835927
SA-422830,0.13538939,0.07727286
MPEP,-0.09359987,0.022620164
ARG-CSC-26,-0.12827109,-0.021063052
SA-432998,-0.28808966,-0.1325211
10-hydroxycamptothecin,-0.14587775,0.030298747
heliomycin,0.5135081,0.30897182
SJB-shh-31,-0.00029090978,0.07074345
SD-6-035-A3,0.10324037,0.029121637
SD-6-035-B4,-0.039340094,-0.071253695
SA-102096,-0.019168198,-0.056521583
phenylbutyrate,-0.11580041,-0.0753001
SA-247615,0.17173916,0.10182544
eprosartan,-0.061284736,-0.071580976
SA-103123,-0.26477683,0.12796295
YL-55,-0.008333504,0.07694836
ARG-CSC-81,0.05858306,0.097192526
marbofloxacin,-0.13511987,-0.15255907
SD-6-035-A4,-0.007297164,-0.05167308
bosentan,-0.06807774,-0.08835538
SA-424577,0.16938576,-0.03371197
YL-51,0.16599886,-0.03990475
I-606061,0.050719738,-0.031659305
Ro-3306,0.30643806,-0.14324349
HTS-11203SC,-0.038107917,-0.05161366
MW-STK33-2B,-0.17105071,-0.13933699
metformin,-0.052315254,0.057708137
JL-7-128,-0.29605913,-0.06942086
entacapone,0.06224088,-0.063818604
YL-62,0.028456785,0.028813481
iproniazid,0.08326155,-0.018289473
dimercaptosuccinic-acid,-0.052800853,0.026248537
PCI-34051,-0.10188699,-0.041845538
iodoacetic-acid,0.22844744,0.22533982
cobalt(II)-chloride,-0.08131431,0.08187768
prostratin,-0.056635685,0.14079344
MW-STK33-1B,0.1976444,-0.14137623
alfacalcidol,0.25529817,0.038637966
SA-89068,-0.053897485,0.013220191
JPR-3-97-17,-0.00018293783,-0.012309521
I-505056,0.51552445,0.0022605956
BJM-HSC2-10,0.076951474,-0.096662164
ataluren,0.07406733,-0.01030831
SD-6-035-A12,0.06887625,0.10827751
SD-6-035-A6,0.030821595,0.008871354
SA-85901,0.09488198,-0.008011173
SA-25547,0.4286114,0.12918435
tubacin,-0.38248616,-0.0066803396
SD-6-035-A2,0.115580715,-0.073957175
niflumic-acid,-0.1139348,-0.21829262
CD-00491SC,-0.120089486,-0.06039969
SD-6-035-B1,-0.29865682,-0.038710505
SD-6-035-A10,-0.059081584,-0.025843456
acamprosate,0.109961346,-0.016915053
17-beta-estradiol,-0.1096105,0.07910298
azacitidine,0.3331856,-0.03767088
acebutolol,-0.0036793835,0.074384205
vidarabine,0.0549589,-0.10699664
5-aminolevulinic-acid,0.084487334,0.026598066
amoxicillin,0.333504,-0.02112332
ampicillin,0.0011311388,0.11076103
atenolol-(+/-),-0.049450282,-0.21838926
busulfan,0.12935804,-0.00112845
captopril,-0.13993329,-0.08040624
cefazolin,0.015701689,-0.01270698
cefoxitin,-0.0066347905,0.005415499
cefuroxime,0.1455209,0.06603423
chloramphenicol,0.343055,0.06718508
benzatropine,0.061192624,0.07003793
cromoglicic-acid,-0.07995051,0.023166746
dapsone,-0.27171007,-0.044102177
demeclocycline,0.17731602,-0.11650797
depomedrol,-0.13389818,0.089547336
phenytoin,-0.18562603,-0.0030227974
doxazosin,0.27355927,-0.0342865
doxycycline,-0.04764257,-0.10728561
edrophonium,-0.015877081,-0.12297714
rimantadine,0.07580389,0.053818345
fluocinonide,0.025895849,0.019814229
ganciclovir,0.16780645,0.15241079
griseofulvin,-0.12548354,-0.02561754
hydroflumethiazide,0.044248294,-0.033057585
procyclidine,-0.31137985,-0.1321052
mefloquine,-0.13598886,0.047325134
mercaptopurine,0.054547984,0.010094978
mesna,0.12912726,-0.0050982535
mestinon,0.29171947,-0.027433079
methazolamide,-0.11643058,-0.09419617
methimazole,-0.10435398,-0.017287351
micropenin,-0.26304498,-0.0073528215
acetylcholine,0.014330819,0.13804895
mupirocin,-0.18732268,0.07787487
ofloxacin,-0.30882812,0.045004264
oxybutynin,-0.078311816,-0.21048988
phylloquinone,-0.24739885,0.1107955
piperacillin,-0.07719448,-0.028089106
prilocaine,0.016180756,-0.09190555
propantheline,-0.122386515,0.03465669
propylthiouracil,-0.16969144,-0.032244086
pyrazinamide,-0.19256803,0.0062192827
pyridine-2-aldoxime,-0.09942119,-0.14084
spectinomycin,0.036738336,-0.004114598
sulfacetamide,-0.0077744946,-0.022312336
sulindac,0.016811855,0.011877749
terbutaline,-0.2032153,0.005375959
tetracycline,-0.10287563,-0.056798585
theophylline,0.035819903,0.017009523
tizanidine,0.28306264,-0.011119068
bethanechol,0.07576088,0.051591218
westcort,0.06921825,0.021578759
zidovudine,0.07671521,-0.07500768
aceclofenac,-0.15707543,0.26490882
acemetacin,-0.0029392168,0.10282329
acetazolamide,0.32343268,-0.079476
acetohexamide,0.11597446,-0.3288204
acetylsalicylsalicylic-acid,0.3282287,-0.15845689
adenosine-phosphate,-0.21080834,0.1787292
adiphenine,0.36300728,0.08548418
allantoin,-0.12853503,0.089263484
amfepramone,-0.08395946,-0.13182521
amikacin,-0.22728011,0.22651374
ampyrone,-0.35385412,0.0072560012
antazoline,0.1879042,-0.059066102
asenapine,-0.3413901,-0.16853252
astemizole,0.018228155,-0.10839912
aztreonam,-0.22052157,-0.11967971
baclofen,0.51373893,0.021063596
bambuterol,-0.38633865,0.30404657
benfluorex,0.06121712,-0.106816724
betazole,0.01826981,-0.09476304
bufexamac,0.15626103,0.11247328
bupivacaine,0.17435363,-0.29448774
pentoxyverine,0.22441436,-0.05757799
catharanthine,-0.20213264,-0.14977159
chlorhexidine,0.2782924,0.024132702
chlormezanone,-0.13072397,-0.24501841
chlorothiazide,-0.11861215,-0.16184455
chlorzoxazone,0.061451435,-0.07539007
ciprofloxacin,-0.11425733,0.045994416
clemizole,-0.11386535,-0.02103731
clenbuterol,-0.33052388,0.012727812
clindamycin,-0.0030476898,-0.031905178
clofilium,0.9578271,0.19343857
clopamide,-0.12022455,-0.1757834
clorgiline,-0.013127312,-0.052795097
cloxacillin,0.099179514,-0.0799755
colchicine,-0.14735308,0.18103495
debrisoquine,0.31776303,-0.04132551
dequalinium,0.9256786,-0.1341927
cinchocaine,-0.15584102,0.061699748
dihydrostreptomycin,0.5207194,0.1125741
dimenhydrinate,-0.21750289,-0.19275448
diperodon,0.42739624,0.2972408
dyphylline,-0.05835865,-0.17337811
dizocilpine,0.22532699,0.14806972
dropropizine,0.046528637,-0.22763966
dyclonine,0.04499387,0.03469576
ethosuximide,0.38785616,-0.35709518
etofylline,-0.096942104,-0.025504969
fadrozole,0.5081601,0.2614184
fendiline,0.10554701,0.0052967668
fenspiride,-0.21922243,-0.10733965
fipexide,-0.28857416,0.06392551
fludrocortisone,-0.39164507,0.18648618
flumequine,-0.10900844,-0.2767033
furosemide,-0.13484176,0.11953403
gallamine,0.49747017,0.1618456
gentamicin,0.5708705,0.18169403
glafenine,0.06920444,0.06836411
guanethidine,0.49895,-0.0568991
hemicholinium-3,-0.25279176,0.122090876
heptaminol,0.26404494,-0.48916754
hexamethonium,0.092060864,-0.27309075
hycanthone,0.4164702,0.5422543
hydrochlorothiazide,0.95895815,0.3458451
hydroxyzine,-0.2664712,0.18854393
idoxuridine,0.22698388,0.24958846
isoflupredone,-0.107830554,-0.033878535
josamycin,0.25259686,-0.10481581
kanamycin,0.6858847,0.11780506
khellin,0.22895062,-0.13222454
levodopa,-0.09989605,-0.3660496
lincomycin,-0.24669045,-0.029679889
lisinopril,-0.21806058,0.30056298
lomefloxacin,0.22658741,0.12500323
lynestrenol,-0.056786608,0.106874675
mephenesin,0.13744618,-0.0682863
metaraminol,-0.17714097,-0.3952319
metitepine,0.19843586,0.12642568
methyldopa,0.1530597,0.18793435
meticrane,-0.050102748,-0.10874058
miconazole,0.20240544,-0.31448013
minocycline,0.254785,0.15279536
morantel,-0.116368726,-0.11711015
moroxydine,0.49358207,-0.25932002
moxisylyte,0.14067191,-0.1440452
neomycin,0.4291172,0.16294438
nifenazone,0.015271546,-0.22960865
norfloxacin,-0.19334109,-0.0408628
oxandrolone,-0.07903999,0.0018831491
oxetacaine,0.22673523,-0.09782714
oxolinic-acid,-0.26631495,0.03715734
oxytetracycline,0.41252595,-0.12827991
pentolinium,-0.14299378,-0.22554463
phenylpropanolamine,0.25445464,-0.045994848
pimethixene,-0.29235315,-0.28015202
procaine,-0.03974894,-0.11883649
proglumide,0.5884507,0.3504263
pyrantel,0.064832345,0.1805874
apomorphine,-0.20707807,-0.26931217
sulfadiazine,0.33740786,-0.2201336
sulfaguanidine,0.36118335,0.20314518
sulfamethoxazole,0.26098594,0.1386059
sulfaphenazole,-0.016489998,0.025315981
sulfathiazole,-0.041501544,-0.28836697
thiamphenicol,-0.31010103,-0.18130283
tioguanine,0.70555425,-0.45373648
tiapride,-0.020933758,-0.027306072
tioconazole,0.1868094,-0.09341797
tiratricol,-0.003878925,0.12924889
todralazine,-0.07467283,0.055194374
tolfenamic-acid,-0.28668645,0.39886206
tolnaftate,0.5773696,-0.07680529
tranexamic-acid,-0.25113034,-0.28397888
metrifonate,-0.14423619,-0.053104833
trimethoprim,-0.035503566,-0.2665122
troleandomycin,-0.25900003,-0.25110346
xylometazoline,-0.36196166,0.011414429
esatenolol,0.2275391,0.17070189
etiocholanolone,0.03199255,-0.21401915
kinetin,-0.087723486,0.012634814
aceclidine,0.042717025,-0.21886545
acefylline,0.14414442,-0.011133429
acenocoumarol,0.41159907,0.045349658
acipimox,-0.22830468,-0.116549805
alendronic-acid,0.0036694985,0.18458143
alizapride,-0.50464755,0.022521764
amifostine,0.14457522,-0.03922361
amphotericin-b,0.3702498,0.19649065
androsterone,0.10722447,-0.13835174
artemisinin,0.08938025,-0.0011567324
atractyloside,0.012253248,0.1344693
atropine,0.32839495,-0.2131308
avermectin,0.75672084,-0.12889251
bacampicilline,-0.02143354,0.03401899
benfotiamine,-0.08276984,0.06498279
benzethonium,0.42424053,-0.29859245
benzocaine,0.22503752,-0.050189953
betaescin,0.50003016,-0.06994539
bromperidol,0.31488997,-0.097618
butalbital,-0.09138617,-0.028302863
butamben,0.043951735,0.06202533
butenafine,0.13072065,-0.10225595
butirosin,0.102639616,0.22987592
butylscopolammonium,-0.031675093,0.023441434
carbadox,0.38800496,-0.15752569
carbarsone,0.21068488,-0.0273567
carbimazole,0.39432883,0.10855158
carisoprodol,0.28603053,-0.4517141
cefadroxil,-0.22952533,-0.030232951
cefmetazole,-0.30136126,0.21337062
cefotetan,-0.31182596,-0.1288561
ceftazidime,0.35521355,-0.13379444
celiprolol,-0.070915446,-0.15406975
cefalotin,0.27991176,0.17498037
chicago-sky-blue-6b,0.1053382,-0.044642
chlorcyclizine,-0.27558434,-0.15523191
chlorotrianisene,0.433461,-0.030819751
chrysenequinone,0.39089715,0.071697235
ciclopirox,0.5364251,0.24082707
clobutinol,-0.37417823,-0.07902646
clodronic-acid,-0.23226804,-0.08810963
cloperastine,-0.12512179,0.024944969
clorsulon,-0.12718275,-0.14788523
closantel,0.14374816,0.019112185
colistin,0.5140499,-0.022044964
cyanocobalamin,0.021551963,0.09916048
cyclizine,-0.043130547,-0.12868577
cyclobenzaprine,-0.1259405,-0.061259143
dacarbazine,0.018945001,-0.08138112
demecarium,0.09926918,0.045709006
dexfenfluramine,0.209605,-0.16759112
dicoumarol,0.19940367,-0.080371946
dinoprost,0.1279287,0.068793304
diosmin,0.016757146,0.11108391
diphenylpyraline,-0.12956247,-0.104276866
metamizole,0.1329821,-0.06053067
dirithromycin,0.024230737,-0.05898369
doxofylline,-0.083856195,-0.098299176
emedastine,0.1570318,0.11038269
epiandrosterone,0.017097533,0.07847887
eserine,0.13772437,-0.24672166
etanidazole,0.24788645,-0.07444064
ethionamide,0.11667517,0.21461374
ethoxyquin,0.122870415,0.0046481546
etofenamate,0.1965441,-0.0256337
etoricoxib,-0.07956717,0.01578708
etretinate,0.30332753,0.049553156
eucatropine,0.6765929,-0.30829382
famprofazone,-0.4453879,0.13772637
fenipentol,-0.14644492,-0.26821688
fenoprofen,0.2690724,0.10689233
fentiazac,-0.028205805,0.1376291
flumethasone,0.3556131,0.17871684
flunixin,0.33075404,0.07085098
flurandrenolide,0.10239144,-0.14164078
folic-acid,0.0045103766,0.079431646
leucovorin,0.5503895,0.0031660497
fomepizole,0.012000136,-0.19302116
furaltadone,-0.16025391,0.073294975
gliclazide,0.027317597,-0.18163712
guanadrel,-0.031928495,-0.36566594
haloprogin,0.3678887,-0.08782339
hexestrol,-0.0069205835,0.042272132
hexetidine,0.09812195,0.08548614
hydroxychloroquine,-0.14512292,-0.12407833
ibandronic-acid,0.14173788,-0.12673941
ibutilide,-0.113782115,-0.2761066
imipenem,0.48642772,0.076387346
iohexol,0.10509719,0.12824416
ramifenazone,0.5118871,0.24284886
salsolidine,-0.21535264,-0.16366461
isosorbide,-0.085672766,0.07883094
lanatoside-c,0.47709182,0.1123239
loracarbef,0.32500932,0.032323092
mebhydrolin,-0.1878798,-0.098943606
meclofenoxate,-0.13762338,-0.39016202
melatonin,-0.010493919,-0.038606465
mepenzolate,0.21049649,-0.37969854
merbromin,-0.19917792,0.040611207
methoxamine,-0.074638374,-0.092052735
methyl-benzethonium,0.38023823,-0.16645874
mizolastine,-0.0777543,0.09964732
monensin,0.2782111,0.08389979
citiolone,0.30432606,-0.046503864
nadide,-0.30837572,0.008315854
nalidixic-acid,-0.20537132,0.0681914
neostigmine,-0.255142,-0.02881965
nifuroxazide,0.30743754,0.28199592
nystatin,0.08951576,-0.33052063
opipramol,0.058450818,-0.23347753
oxacillin,0.012362034,-0.19885063
pempidine,-0.31189424,-0.19379023
pentamidine,0.17511237,0.048734903
phenindione,-0.05553326,-0.08899207
piracetam,-0.019502006,-0.06542036
pramocaine,0.105379134,-0.038454767
pranlukast,-0.32718623,-0.18568975
pranoprofen,-0.016539216,-0.17727284
prenylamine,0.073775515,0.039766252
propidium,0.26618302,0.082916126
pyridoxine,-0.28215325,-0.038613554
rebamipide,0.030681342,-0.20518814
ribostamycin,-0.0769681,0.17765531
sertindole,0.086813465,-0.15607543
sisomicin,0.09595339,-0.16211541
stanozolol,-0.15196607,0.09294928
succinylsulfathiazole,-0.31316885,-0.27494702
sulfabenzamide,-0.2028651,-0.03966984
sulfachlorpyridazine,0.011376586,0.068819046
sulfadimethoxine,0.44717908,0.26989383
sulfamerazine,-0.23155129,-0.09427014
sulfadimidine,0.18781611,0.16757685
sulfamethizole,0.5631915,-0.029746592
sulfamethoxypyridazine,0.6553125,0.22519805
sulfapyridine,0.08315955,-0.09271363
sulfaquinoxaline,-0.02722669,0.14032654
suxibuzone,0.023792066,-0.051435344
tazobactam,-0.030668102,0.008623533
tenatoprazole,0.0049741035,-0.026549898
tetracaine,0.097184144,0.108090274
tetraethylenepentamine,-0.07017738,0.14438929
thiamine,0.00339875,0.22135998
thiomersal,0.875079,0.6019889
levothyroxine,-0.11007875,-0.045815162
triflusal,0.07037178,-0.1080365
trihexyphenidyl,0.079574995,-0.05756984
trimetazidine,0.05345456,-0.051903024
trimethadione,-0.074994184,-0.13184866
trolox,0.24923372,0.0045352243
tylosin,-0.16063584,-0.12589471
vancomycin,0.36058754,-0.14573304
vatalanib,0.035056137,-0.13534808
vigabatrin,-0.0627055,-0.23549128
zaleplon,-0.23412462,0.08104281
zopiclone,0.25469977,-0.042868227
"1,2-propylene-glycol",-0.002174277,0.11502203
dioxane,-0.32949007,0.09164333
benzofuran,-0.031019516,-0.10120466
nerol,-0.36480647,0.022000829
fluorouracil,0.06317915,-0.10457194
benzo(e)pyrene,-0.3712318,0.22563884
CH-223191,0.32724333,-0.17626536
mannitol,-0.3123727,0.24323279
DMBA,-0.1259378,0.13099353
emodin,0.6055595,0.06282554
tryptophan,-0.37915808,0.07265727
TCDD-dioxin,0.097230494,0.06837579
acetamide,-0.07715263,0.071440935
actinomycin-d,2.0182042,0.3314544
aflatoxin-b1,0.12085279,-0.026017264
anethole,0.0093306275,-0.013216147
benzoic-acid,-0.24796905,0.14598346
bisphenol-a,0.26636785,0.02089756
cadmium-chloride,0.51333004,0.21210302
carbaryl,-0.47101766,0.107656345
carbon-tetrachloride,-0.11469677,0.04505697
kepone,0.55709124,-0.0018162876
chloroform,0.17498583,0.069202065
dichlorodiamine-platinum,0.38298658,0.13223697
dieldrin,0.09235766,-0.10173719
dimethylnitrosamine,0.12544978,0.001664415
fluoxymesterone,0.11274811,-0.07056315
furan,0.22076085,-0.058257356
glycerol,0.039744273,-0.029549934
isoniazid,0.2604809,0.16415517
ifosfamide,-0.02819851,0.112924114
melphalan,-0.13360356,-0.08631414
methoxychlor,0.41924447,-0.013731569
methyl-testosterone,-0.14961575,-0.012210339
monocrotaline,-0.27006677,0.08135746
monoethylhexylphthalate,0.052052423,-0.085508764
n-nitrosodiethylamine,-0.25864583,0.18577348
pentachlorophenol,-0.0015604831,-0.0064335763
silibinin,0.091839924,-0.01056397
tetrachloroethylene,0.10512472,0.032138787
tributyltin,2.0521157,-0.10569066
trichloroethylene,-0.2531153,-0.02739355
triphenyl-tin,0.36212772,0.11459929
urethane,-0.49043134,0.036949635
zearalenone,0.40713564,0.23579827
anthothecol,0.51050824,0.023317367
SA-1973507,0.25781807,-0.017072976
A-23187,0.3107301,0.012750998
gangaleoidin,0.22488369,-0.1218949
SA-1973497,0.097774625,-0.08425201
syringic-acid,-0.02587042,-0.3064493
SA-1973509,0.08156693,0.010763824
phorbol-myristate-acetate,0.18973787,0.15391776
caffeic-acid-phenethyl-ester,0.019578919,-0.02178373
levobunolol,-0.034011487,-0.26858217
levisoprenaline,-0.09117891,-0.11915818
octopamine,0.1084031,-0.074724175
eseroline,-0.00042938627,0.11994508
isoprenaline,-0.11704101,-0.08501097
atenolol,0.18832448,-0.059998117
cycloserine,0.04755029,-0.109799445
2-aminobenzenesulfonamide,0.07131065,-0.017618276
aminosalicylic-acid,-0.35093454,0.055898055
paracetamol,-0.03208105,-0.30417222
acetylcysteine,0.016129168,-0.0643718
adrenosterone,0.15357311,-0.10581216
alcuronium,0.0056723356,0.2904705
alexidine,0.26043296,-0.35482126
alfadolone,-0.14594246,0.004206557
allopurinol,0.15337086,0.122193694
prostaglandin-e1,0.31634724,-0.015468761
ambrisentan,0.3442678,-0.1101969
aminocaproic-acid,0.19450977,0.09582484
aminohippuric-acid,0.024960093,0.13121888
aminophylline,0.2584445,-0.16491766
amiprilose,-0.039564356,-0.12171038
apramycin,0.060493506,0.068275064
arbutin,0.5467389,0.016837664
azapropazone,-0.35277975,-0.1331723
azlocillin,0.020420685,-0.016700476
bacitracin,-0.20834449,0.012817223
benserazide,-0.22052248,-0.21579245
benzathine,0.047423333,-0.120193034
bephenium,0.10922687,-0.044324584
bretylium,-0.08921159,-0.3038141
butacaine,0.088707305,-0.098095916
candesartan,-0.12999493,0.039488945
canrenone,0.10697484,0.03951877
carbachol,0.56828725,0.11726752
cefepime,0.27016595,0.05212745
cefsulodin,-0.051620085,-0.027413283
chlormadinone,-0.07716767,-0.0759183
chloropyramine,0.004077688,0.066042475
clavulanic-acid,-0.021237694,0.043740444
clinafloxacin,0.06632887,0.105771236
clocortolone,0.4069559,0.24301073
cortisol,0.02134274,0.17701149
DAC-003,0.13429695,-0.101589575
DAC-004,-0.041162126,-0.100322016
DAC-009,-0.10365481,-0.17019147
DAC-012,-0.088339314,-0.016343206
DAC-013,-0.069686905,-0.03703256
darifenacin,0.13081242,0.1498409
deflazacort,-0.23429216,0.04429748
deptropine,-0.011563607,-0.27014968
diacerein,0.45764643,0.114906244
dimaprit,0.10554099,0.04736858
dimethadione,-0.08011112,0.115723774
dorzolamide,0.03755123,0.021812685
enilconazole,-0.20112531,0.019938357
enoxacin,0.15723105,-0.1788347
epitiostanol,-0.03529276,-0.20001286
etamsylate,0.13812256,0.21926814
ethaverine,0.05567082,0.009962577
ethynodiol,0.15062205,0.27711993
etidronic-acid,0.029633936,-0.07129824
felbinac,0.43248802,0.12183924
florfenicol,0.103162564,0.20013687
fosfosal,-0.08498869,-0.0912748
gabapentin,0.12205529,-0.060386688
Gossypetin,-0.1593582,-0.06317022
gossypin,-0.13975447,-0.052706197
guaiacol,0.0047128666,-0.080759175
halofantrine,-0.17902547,-0.13043137
idazoxan,0.28142077,-0.08204568
imidazolidinyl-urea,-0.19034153,-0.04553339
iodixanol,0.21846643,-0.04892908
iopamidol,-0.07619567,-0.07117893
iopromide,-0.017978761,0.013822332
ioversol,0.2135115,-0.11871672
isometheptene,-0.13375877,-0.36597282
levalbuterol,0.3349098,0.03788399
levopropoxyphene,0.1269646,-0.18460843
lorglumide,-0.08834882,0.08724563
luteolin,-0.1480645,-0.10890761
lymecycline,0.11095019,-0.15793386
mecamylamine,-0.13023375,-0.040049486
meglumine,0.27609935,0.1041581
melengestrol,0.44580615,0.048949387
metacycline,0.18726803,-0.038079716
methenamine,0.12401591,-0.14989138
methiazole,-0.0541119,0.09998502
methylatropine,0.14048664,0.10097989
methyl-dopate,0.3676868,0.22285378
methyl-hydantoin,0.29594737,0.044893436
misoprostol,-0.2277191,-0.056383733
monobenzone,0.069080666,-0.20719205
morin,0.030150313,-0.0017989296
latamoxef,-0.0030153058,0.08532521
n-acetyl-l-leucine,0.08604599,0.0057564825
nadifloxacin,-0.16943344,0.15244882
nafcilline,-0.00807599,-0.02471212
nomegestrol,-0.08823763,0.099185266
novobiocin,-0.10546815,0.010618404
oxolamine,0.06579929,0.20891759
oxyphenbutazone,0.18638922,0.27220535
paromomycin,0.4274137,0.0083737075
penbutolol,-0.13844055,-0.08984811
pentetic-acid,-0.22423342,-0.061005816
phthalylsulfathiazole,0.29220128,0.34391165
pipemidic-acid,0.15591009,-0.04545625
piromidic-acid,0.30581573,0.28866506
pivampicillin,0.11481349,0.17328916
pralidoxime,-0.05537328,0.06037944
pronetalol,-0.19046083,-0.055636913
proscillaridin-a,0.94144636,-0.06607136
pyrithyldione,0.02739035,-0.06353335
pyrvinium,0.80916774,0.36630243
rivastigmine,0.119304806,0.051786773
ronidazole,0.15659103,-0.115866296
roxarsone,0.01993166,-0.25048208
roxithromycin,-0.100875646,-0.3333354
ST-057710,-0.10233317,0.0050160065
ST-059620,-0.12923011,-0.016620744
sarafloxacin,-0.122761965,-0.01841665
spaglumic-acid,-0.19307165,-0.16573814
sparfloxacin,-0.023273483,0.053060014
sulbactam,0.35176674,-0.38763592
sulfadoxine,-0.1920685,-0.15475471
sulfamonomethoxine,0.0018745288,0.079118654
suprofen,0.17880172,0.064141214
gaboxadol,-0.2438071,-0.11236082
tetroquinone,0.3133843,-0.35998005
theobromine,0.33299953,0.13431308
thonzonium,0.6415223,0.009393841
ticarcillin,-0.048284985,0.021929197
tiletamine,-0.085918196,-0.040564135
trichlormethiazide,0.11636611,0.0104794875
tridihexethyl,-0.34505615,-0.054728106
trifluridine,0.07793103,-0.1371949
tyloxapol,0.44875634,-0.13245459
urosiol,-0.2615682,-0.0028892234
viloxazine,-0.008271519,0.08944075
viomycin,0.2036776,-0.037294276
xamoterol,-0.1294487,0.18378389
SA-441145,0.21730262,0.0430446
SA-83851,-0.060603548,-0.049850583
SA-246522,-0.15604796,-0.11648192
SA-89210,-0.10430861,-0.08488214
SA-242443,-0.010705914,-0.2481615
SA-90544,0.18085302,-0.08869994
SA-88642,0.030238459,-0.060255274
SA-419083,-0.028040837,0.09295684
SA-90377,0.15189753,-0.008130327
SA-85764,-0.13679662,-0.04095258
SA-243913,0.022582734,-0.04343079
SA-243276,-0.001237873,-0.004484173
SA-86418,-0.07631621,-0.060601573
SA-245650,-0.011627631,0.010596648
SA-84902,-0.034347266,-0.05174008
SA-441412,-0.116225794,-0.1029181
SA-419021,-0.06497474,-0.167251
SA-418993,0.53530735,0.13781404
SA-1472655,0.18289982,0.17556429
SA-1473468,-0.2261473,-0.028775483
SA-1459454,0.22410843,-0.01741299
SA-1457945,0.16278362,-0.004865939
SA-1472702,0.081364885,0.043394297
SA-1457187,0.17584454,-0.029744135
SA-1456570,0.13889007,0.060094208
SA-1456039,-0.1292887,-0.0052228915
SA-1456751,0.056781508,-0.08153863
SA-1459963,-0.122155234,-0.038921945
SA-1459020,-0.05194523,-0.03226451
SA-1460192,-0.23528585,-0.018312499
SA-1472623,0.18885064,-0.0077727586
SA-1459234,0.0888703,0.12414932
SA-1460224,-0.06191809,-0.05605205
SA-1472734,0.0031335372,-0.058196258
SA-1472548,-0.015940115,0.081784874
SA-1472321,-0.13172722,-0.0337043
SA-1463787,-0.20057283,-0.10639182
SA-1456508,-0.12158443,0.06392133
SA-1455791,-0.09478438,0.0018633753
SA-1480001,-0.16748498,-0.114065506
SA-1457769,0.01267384,-0.09327702
SA-1456443,0.28591812,0.029892296
SA-1459291,-0.1805343,0.026913226
SA-1459261,-0.0069165453,-0.07254336
SA-424763,-0.041708685,0.021783825
SA-1459002,0.2856496,-0.13526183
SA-1457336,-0.06906275,-0.08788247
SA-1456456,0.07891512,-0.16385221
SA-1456195,0.36799204,0.06717752
SA-1458189,-0.04708175,0.10358214
SA-1463839,-0.09145591,-0.09392147
SA-1463814,-0.08316944,-0.055746216
SA-1459008,0.068208665,-0.041989397
SA-1458487,0.05322978,0.0894417
SA-1458306,0.21674462,0.008561746
SA-1458985,0.13785514,0.13442856
SA-1457305,-0.059584074,-0.042591915
SA-1463785,-0.15345164,-0.024400374
SA-1463810,-0.009554148,-0.11002079
SA-1458450,0.2515884,0.09578383
SA-1458689,0.084784545,-0.06360537
SA-1460110,0.014962189,0.087419346
SA-1459173,-0.13515975,0.011473067
SA-1459830,0.37537652,-0.020748824
SA-1459224,-0.2578019,-0.0371913
SA-1457472,0.044907458,0.047288284
SA-1472542,0.11235726,0.06979556
SA-1459172,0.0027571581,0.051938415
SA-434027,0.12283277,0.056875426
SA-424828,0.16689564,-0.0032907873
SA-433965,-0.032626826,-0.15243265
SA-426029,0.3882339,0.07130252
SA-102607,-0.006112106,-0.045193937
SA-425929,-0.1313654,-0.15890205
SA-423862,-0.05271297,-0.079704665
SA-424827,-0.012541432,0.0049130227
SA-426799,-0.2140969,-0.07763147
SA-432137,-0.029894717,0.061256826
SA-424764,-0.04258219,-0.057779286
SA-1920013,0.008534649,0.0033927746
SA-1922932,0.022619829,-0.077160664
SA-1919875,-0.16267392,0.024617165
SA-1922959,0.020987935,-0.047018394
SA-1921867,0.16352156,-0.06992324
SA-1922257,0.11873848,-0.15097909
SA-1922261,0.104166985,-0.13030428
SA-1921085,0.19725102,-0.026314892
SA-1921617,0.112735204,-0.02161391
SA-1919584,-0.03605666,-0.12830268
SA-1920890,0.024443649,0.058069468
SA-1920453,-0.07899994,0.012178853
SA-1920687,0.08957951,-0.049947247
SA-1921456,0.042717066,-0.18243456
SA-1920683,-0.07216539,0.022049904
SA-1922006,0.016647602,0.030150652
SA-1939007,-0.045904744,-0.18624568
SA-1938740,0.057991154,-0.1318092
SA-1939079,-0.11855106,-0.033933967
SA-1939936,0.2760535,-0.05938063
SA-1925246,0.20110205,0.119218364
SA-1925996,0.38406006,-0.06892626
SA-1922927,0.0030779038,0.034252036
ACDPP,-0.36375147,-0.0052298084
BIX-02189,0.048066974,0.0028731078
idelalisib,0.00083579496,-0.04572966
peruvoside,1.0780082,0.15272045
cantharidin,-0.19366415,-0.069644324
GSK-650394,-0.21230274,-0.013053108
PP242,-0.059902303,-0.43298906
tacedinaline,0.2402919,0.06836076
isonicotinohydroxamic-acid,-0.07274415,-0.015367262
plerixafor,-0.14620265,0.06451378
K1448,0.063299954,0.23698771
K-9944,0.10968964,-0.0077355728
NVP-AEW541,-0.24831805,0.011601445
tivantinib,-0.18042824,0.10179634
AZD-8330,0.21260472,0.03611905
AT7867,0.119098246,-0.016071692
AZD-1480,-0.09058532,-0.045965903
AZD-5438,0.2518217,-0.05342605
amuvatinib,-0.0012424253,-0.011970134
BMS-509744,0.05625136,-0.06473659
BMS-777607,-0.12997235,0.048053324
CHIR-99021,-0.03347066,0.09879232
CYT387,0.21796075,-0.031939007
doramapimod,0.16174018,-0.053525664
foretinib,0.015534274,-0.12478866
GSK-2126458,0.8283266,-0.0042241663
GSK-690693,-0.028077707,-0.023497194
trametinib,0.06990039,-0.04139828
KIN001-266,0.10066807,0.00862512
KU-60019,-0.10843566,0.098643735
YM-201636,-0.09636499,-0.057068408
MGCD-265,-0.30160055,0.0014940202
NVP-BGJ398,0.030765649,0.029015446
buparlisib,0.35823113,-0.023255957
OSI-930,0.08707787,-0.015513462
ibrutinib,0.15252137,0.008704502
PF-431396,-0.07422176,0.07922742
PF-477736,-0.06163378,0.038353633
pelitinib,0.193875,0.02450363
ponatinib,0.16999543,-0.037313137
SAR-245408,0.06331642,-0.037825108
SAR-245409,0.09306538,0.019415978
SGX523,-0.24744399,-0.0020201206
BMS-387032,1.1308739,-0.022905588
nintedanib,0.15181059,0.016796976
Y-39983,0.0053261817,-0.12922019
rondual-kinase-inhibitor,-0.122660324,0.081510745
TUL_XIX003,0.052634228,0.0045977905
TUL_XIX002,-0.20827189,-0.027991485
BG-STK33-03,0.049783655,-0.20944929
TUL_XX087,0.17348662,0.075871214
methyl-fasudil,0.17655161,0.067944296
MW-STK33-97,-0.019944884,0.05285871
BG-STK33-59,-0.16843024,-0.18752262
TUL_XXI035,-0.00047404133,0.09371136
BG-STK33-55,-0.34438974,-0.15348136
MW-STK33-100,-0.124823794,-0.10277605
5-methoxy-alpha-methyltryptamine,-0.26315537,0.21731672
"(+/-)-7-hydroxy-2-(N,N-di-n-propylamino)tetralin",0.33679956,0.19035302
isosalsoline,0.01979075,0.061255377
mevalonic-acid,-0.37074837,0.12031249
norfenfluramine,-0.07105291,0.13206276
salsoline,0.15510589,-0.029638367
MK-801,0.1800046,-0.045895524
YM-09151-2,-0.023810849,0.14338107
enevalproate,0.03282119,-0.1024003
SK-383933,0.24741977,0.1346552
beta-alanine,-0.035505123,-0.14231792
glutamyldopamine,-0.13207676,-0.03404986
lactotensin,-0.37070063,-0.040492013
alpha-methylserotonin,-0.117816865,-0.0011944524
"1,2,3,4-tetrahydroisoquinoline",-0.18865317,0.13079908
bietaserpine,-0.1107139,0.3713129
1-methylisoquinoline,-0.060887236,-0.0719751
2-aminotetralin,0.09040829,0.26111233
(+)-3-(1-propyl-piperidin-3-yl)-phenol,0.0028064381,-0.06566983
desmethylclomipramine,0.37973872,0.1736796
methoxypyruvic-acid,0.080468595,0.22456872
5-hydroxytryptophan,0.05499794,-0.051209927
propanoic-acid,0.22952192,0.13228068
oxidopamine,0.10779339,0.20117263
6-nitrodopamine,0.04316066,0.08640823
6-nitronorepinephrine,0.07358309,0.059996016
a-disintegrin-and-metalloproteinase,0.19155702,0.29765344
APEC,0.08234531,-0.033177007
allantoxanamide,-0.061465193,-0.20430654
aminobenztropine,0.15787464,0.0680768
BG-1001,0.089005575,0.36549848
BG-1002,0.43074846,0.22989081
BG-1003,0.60051256,0.7824981
BG-1004,0.39231485,0.48125762
chrysamine-g,-0.28848803,0.027589064
ciproxifan,-0.14083354,0.04934713
DASB,0.09662661,0.061135925
desmethyl-DASB,0.09391474,-0.006138485
EHPG-piperazine,-0.013326416,-0.05610566
epidepride,-0.10172106,0.083714336
farnesylpyrophosphate,-0.054214213,-0.17584418
Fluoro-SAHA,-0.027763426,0.65074027
GGTI-297,-0.0028689355,0.13515624
GGTI-298,-0.052603856,0.018257119
geranyl-geranyl-pyrophosphate,0.04075995,-0.17900786
hydroxytyrosol,-0.095684245,0.09206881
IDAM,0.043761052,0.020265698
JMV-431,-0.20509472,0.092283696
KDM-096,0.07779189,0.07703063
KDM-103,0.24739195,0.11371306
KW-06,0.3796006,0.26322255
kaempferol,0.11733269,0.071139894
L-744832,0.17137069,-0.057616197
dinorcitalopram-oxalate,-0.107744,0.1366353
n-bromoacetyltryptamine,0.44845328,0.33661976
n-methylphenothiazine,-0.23660406,-0.005346637
methyltyramine,-0.34097764,-0.03525551
norcitalopram,0.12676091,0.24706292
PD-149163,0.16977541,-0.039273713
RN1,0.2227749,0.41961148
RTI-55,0.060518466,-0.08857009
SIB-1508Y,-0.09969698,0.04061466
SIB-1553A,0.07198123,0.20101781
SKF-104078,-0.1260603,0.12780793
SKF-82958,0.1617689,0.08235644
SKF-83822,0.023847593,-0.009613015
SKF-83959,0.05076278,-0.15909359
SR-12813,0.06381266,0.026278548
rimonabant,0.21427903,0.049732663
SR-144528,0.13779536,0.050185684
SR-147778,0.024690174,0.39669102
SR-48692,0.09590818,0.109983735
serotonin,-0.030943114,0.1527521
sirtinol,-0.13683572,0.087766156
suramin,-0.10084086,0.11474619
tropapride,-0.12700395,-0.07009792
tyramine,-0.114740685,0.14689222
vanillyl-glycol,0.061025918,0.19323783
WAY-405,-0.019237662,0.15970683
WAY-100635,-0.08844557,-0.010543464
nor-1-chlorpromazine,-0.0277213,-0.014606394
nor-1-promazine,-0.077448584,0.045662645
nor-2-chlorpromazine,-0.38660982,-0.068329886
p-aminophenethylspiperone,0.22578165,0.07848958
p-azido-PE-TFMPP,0.16526355,0.55184233
trans-bis-q,0.11162104,0.08831236
BAY-K8644,0.13812125,0.15426704
"pyridine-2,4-dicarboxylic-acid",-0.21231462,-0.12307058
ketocholesterol,-0.26201826,-0.0258534
ABC-294640,-0.4395966,-0.10546625
Ac-Leu-Leu-Nle-CHO,0.29276174,0.47751784
adapalene,0.034533832,0.05874668
aminoresveratrol,0.22202657,0.2075952
anacardic-acid,-0.14396471,0.07937789
BG-1005,0.0360692,0.5045579
BG-1006,0.10696106,0.4927994
BG-1007,0.30368772,0.42786938
BG-1008,-0.092318565,0.64004314
BG-1009,0.05361047,-0.01828153
BG-1010,0.37974256,0.2465348
BG-1011,0.16297236,0.2647385
BG-1012,-0.18029344,-0.20502976
BG-1013,-0.31757903,0.005796483
BG-1014,-0.072545126,-0.10906501
BG-1015,-0.03274429,-0.033878602
BG-1016,0.14079179,0.09527142
BG-1017,-0.118530646,-0.16828369
BG-1018,-0.16233782,0.074035466
BG-1019,0.014273545,0.033498146
BG-1020,0.04887058,-0.103646085
BG-1021,0.038524926,-0.21761665
BG-1022,-0.08832269,-0.042980894
BG-1023,0.06130116,-0.0413791
BG-1024,0.10605264,0.18990268
BG-1025,-0.11954441,0.33786562
BG-1026,0.39514726,0.25668576
BG-1027,0.26045376,0.5434753
BG-1028,0.31337172,0.29869032
BG-1029,0.2927975,0.65145284
BG-1030,0.4415095,0.7281624
BG-1031,0.18213704,0.20396218
BG-1032,0.2726949,0.111015275
BML-210,0.22504914,-0.0016500801
BML-266,0.1594707,0.054481078
BML-278,-0.3320899,0.22857863
BML-284,0.38839597,0.2742455
diaminoquinazoline,0.23064889,0.24799192
BML-286,-0.03411032,-0.07541128
bafilomycin,0.16220862,0.06656357
BOX-5,-0.1625624,-0.21732268
butyrolactone,-0.02014013,-0.00060437433
C2-dihydroceramide,0.25306162,-0.098662965
CCT036477,0.6800679,0.1526409
CTPB,-0.046177175,-0.08261584
cardamonin,-0.07172984,0.10085264
carnosol,0.09018685,0.06450432
dithiothreitol,0.11615135,0.01017116
diarylsulfonesulfonamide,-0.21822992,-0.09489627
dibutyryl-cAMP-Na,-0.122609876,-0.17183763
dihydrocapsaicin,0.03655821,0.08799408
ellagic-acid,0.0495829,0.030903803
exifone,0.2123962,0.13910483
FH-535,-0.05237882,0.17572048
foxy-5,0.15032756,0.11713198
gallic-acid,0.082644336,-0.10004209
garcinol,-0.074209765,0.04988475
glucosamine,-0.06474449,-0.004295882
harmine,-0.06791312,-0.11734192
hexachlorophene,0.082555436,-0.05516959
IM-12,-0.14236407,-0.13928194
IQ1,0.28990513,0.07853341
ITSA-1,0.07946448,-0.10337806
IWP-2,0.10184714,-0.12704808
ionomycin,0.5911536,0.3100885
isonicotinamide,-0.06616376,0.018490463
JS-K,1.0265177,0.27261895
licochalcone-a,-0.11215229,-0.063677095
lithium-chloride,-0.09588727,-0.02228713
M-344,0.19391261,0.40705454
MC-1293,0.041856535,-0.008212127
NCI-16221,-0.1667226,-0.0012356676
NO-ASA,0.40252787,0.15456575
itdac-1,-0.26101536,0.13099301
oxamflatin,0.05260863,0.4433009
PMSF,0.030879747,-0.01435402
plumbagin,1.4621263,0.5303582
purpurogallin,0.12372138,-0.07233097
STF-62247,0.099406645,-0.1070571
spermidine,-0.04564859,-0.0833749
suberoyl-bis-hydroxamic-acid,-0.30332863,-0.14094512
TNP-470,0.23738977,0.21752517
timosaponin,0.65451294,0.3727007
trehalose,-0.06422628,0.15120643
triacetylresveratrol,0.28357327,0.16932662
usnic-acid,0.032018036,0.029755272
Val-Val-Val,-0.034360595,0.058730055
valproxam,-0.11292785,0.31348413
WAY-262611,0.4285459,0.03591946
z-guggulsterone,-0.22584686,0.26145503
Z-36,0.21685675,0.22281215
SA-101686,0.035833243,0.096987754
SA-101776,-0.066844985,-0.14227566
SA-101841,-0.28449842,0.10388984
SA-102042,0.20901704,0.011261206
SA-102676,0.11204444,-0.05836299
SA-102695,-0.22092968,0.032089826
SA-102787,0.02593014,-0.03664739
SA-103013,0.07845036,-0.17009012
SA-103021,0.26635903,-0.09858072
SA-103150,0.1474416,-0.041722614
SA-1455822,-0.12711388,-0.17490008
SA-1455884,-0.28568247,-0.021231756
SA-1455938,0.15757823,-0.17280436
SA-1456102,-0.21206743,0.10813177
SA-1456170,0.27969688,0.008244729
SA-1456220,-0.044164214,0.07498522
SA-1456227,0.0233691,-0.05535876
SA-1456305,-0.23231095,-0.046223443
SA-1456352,-0.24492061,-0.034626707
SA-1456576,0.3319605,0.0447376
SA-1456625,-0.13034561,-0.16190699
SA-1456734,-0.011560174,-0.03866341
SA-1456859,0.26422057,-0.0064484477
SA-1456977,-0.14011416,-0.13128237
SA-1457103,-0.18707737,-0.099733025
SA-1457169,-0.051602382,-0.15811694
SA-1457188,-0.32461208,0.15635411
SA-1457415,0.2891341,0.058535427
SA-1457458,-0.017916644,-0.12668306
SA-1457797,-0.31147778,0.1420475
SA-1457810,0.06613475,0.0021495046
SA-1457992,-0.3109725,-0.005712971
SA-1458026,0.14170492,0.1564709
SA-1458163,-0.13102265,0.081518695
SA-1458571,-0.23494372,-0.012095349
SA-1458610,-0.20614114,-0.09683669
SA-1458902,0.2256766,-0.09185527
SA-1459031,0.18844703,-0.009885281
SA-1459167,0.66617143,0.030077294
SA-1459187,-0.23126619,-0.063879475
SA-1459213,0.40908024,-0.16953675
SA-1459256,0.46575052,-0.037286177
SA-1459430,0.17225987,-0.08206492
SA-1459481,0.41630274,-0.1126035
SA-1459714,-0.15331236,0.014171526
SA-1459849,-0.01787071,-0.13129473
SA-1459854,0.21768853,-0.094939105
SA-1459975,-0.31481314,-0.06283381
SA-1460008,0.10117517,0.123011455
SA-1460032,0.07237008,-0.0788652
SA-1460136,0.1504564,-0.06247273
SA-1462246,0.11061597,0.12352593
SA-1462678,0.21968609,0.035387103
SA-1462738,0.28209096,-0.019774966
SA-1463838,-0.06181366,-0.17456424
SA-1472514,0.0063525513,-0.09429417
SA-1473405,-0.24017088,-0.22490732
SA-1473648,-0.15461305,-0.09352084
SA-1919248,-0.22193533,-0.18225498
SA-1919345,-0.19469945,-0.10887273
SA-1919551,0.144034,-0.15181082
SA-1919667,-0.19776002,0.046860315
SA-1919710,0.20001855,0.04578367
SA-1919877,0.034195963,-0.21822244
SA-1919918,0.6690917,-0.37066132
SA-1920080,-0.13806814,-0.12995225
SA-1920327,0.036797736,-0.06049434
SA-1920722,-0.22604838,-0.0050651245
SA-1920756,0.44518268,-0.0069387704
SA-1920942,-0.14965934,-0.005907178
SA-1921574,-0.13275151,-0.078210704
SA-1921599,0.8109981,-0.021800011
SA-1921614,-0.08314867,-0.0225791
SA-1921783,-0.44384414,-0.0132526085
SA-1921816,0.4207867,-0.24416646
SA-1921902,-0.18388343,-0.099016376
SA-1921996,0.14646387,-0.051288
SA-1922111,0.00636068,0.00842306
SA-1922659,0.06157477,-0.07109844
SA-1922796,0.5000478,0.13241117
SA-1922975,0.36063617,0.08344416
SA-1925610,0.47270715,-0.08944501
SA-1925621,0.019043136,-0.08470164
SA-1937516,0.012547577,-0.19297707
SA-1937536,0.11393234,-0.1257205
SA-1938111,-0.18064366,0.042009324
SA-1938219,-0.052035794,0.079286404
SA-1938421,0.0718096,0.06508176
SA-1938756,-0.18703341,0.09600243
SA-1938757,0.19908491,0.06287067
SA-1938820,0.5089109,-0.12386009
SA-1938862,0.23823844,0.028560095
SA-1938867,0.16577914,0.18456471
SA-1939064,0.05439333,-0.006654963
SA-1939126,0.119904324,0.016802885
SA-1939838,-0.1545049,-0.084078185
SA-1939891,-0.0791969,-0.20180869
SA-1939915,-0.121900156,-0.013950594
SA-1939938,0.68331957,0.012396321
SA-1939945,-0.2633047,-0.0053413995
SA-1944378,0.4507021,-0.013399392
SA-242939,0.14083979,-0.17220429
SA-243193,0.3016866,-0.079666674
SA-243423,0.39141858,-0.028784797
SA-243929,-0.17101914,-0.08321856
SA-244237,-0.008310778,-0.076020576
SA-244358,0.043558344,-0.014519341
SA-244466,0.097301036,-0.1202897
SA-244587,0.06825178,-0.010960855
SA-247508,0.47584718,0.2281671
SA-247582,0.18601155,0.024203535
SA-247592,0.22312534,0.11453217
SA-247636,0.22456151,0.06079205
SA-247654,0.026057154,-0.1410182
SA-417716,-0.1877115,-0.057349592
SA-418267,-0.26672506,-0.07543132
SA-419010,-0.38031504,0.019320816
SA-419050,-0.051041093,-0.1725883
SA-419090,-0.17369884,-0.0870022
SA-419172,0.04407291,0.06324498
SA-424068,0.026900874,-0.05437827
SA-424170,-0.04531565,-0.07519469
SA-424233,-0.14595285,-0.008161642
SA-424294,-0.11109996,0.024724826
SA-424371,0.34694704,-0.15970922
SA-424380,0.5681253,-0.09884934
SA-424534,0.32879657,0.118074656
SA-424755,0.6302689,-0.31311166
SA-427069,-0.25881732,-0.076311335
SA-427137,-0.010348026,0.025528744
SA-427228,-0.1231487,-0.08135967
SA-427604,0.52771956,-0.07195092
SA-427636,-0.22634053,-0.13508078
SA-427730,0.392753,0.023234919
SA-440772,-0.0066413432,-0.041309036
SA-440832,-0.33948737,0.12889314
SA-440968,-0.0016692458,-0.06787251
SA-441092,0.019585911,0.09998111
SA-441181,-0.07186283,-0.09711699
SA-441350,-0.06755811,-0.11895652
SA-441487,0.1709781,-0.17541641
SA-84869,0.24890813,0.10019288
SA-84905,0.010500548,-0.072259404
SA-85148,0.16349536,0.07495272
SA-85268,-0.35103393,-0.07363704
SA-85290,0.00033096224,0.062265746
SA-85377,-0.33161524,0.17820342
SA-89705,0.049106758,0.052419692
SA-89735,0.5372491,0.043794133
SA-89763,-0.16622508,-0.025626626
SA-90024,-0.32823998,-0.040616613
SA-90030,0.3416506,0.05878693
SA-90153,-0.023921713,0.07889284
SA-90471,0.27635622,0.03321427
SA-96805,0.51651037,0.32123834
SA-96816,0.53494227,-0.025212742
SA-96835,0.044715837,-0.03601783
SA-97110,0.47066402,-0.030652056
SA-97343,-0.0013657524,0.005474746
SA-97378,0.6612835,-0.05099118
TL-AA09,-0.09789859,0.056935888
l-buthionine-sulfoximine,0.23352984,0.13233075
cisplatin,0.13856538,0.03570384
JMW-MITF1,0.09632157,0.026304737
MW-MITF24,0.07069099,-0.0048178807
iniparib,0.060715448,-0.085948214
glutamine,-0.0052153245,-0.023534223
alpha-tocopherol,0.0010160189,-0.039592173
AT1-SHH-09,0.02265118,0.027939066
AT1-SHH-29,-0.082593925,0.024685644
COL-3,0.46456084,0.14293319
KUC111109N,0.07166929,0.07038957
KUC111774N,0.41845337,0.16566248
MW-SHH-151,-0.029038467,0.053732857
MW-SHH-250,-0.06484106,0.08897232
MW-SHH-54,0.024022847,0.037345678
MW-SHH-97,0.0044646077,0.005334161
MW-SHH-98,-0.14104182,0.07250851
MW-SHH-28,0.12954736,0.12828347
MW-SHH-61,0.13844636,0.03696222
STK-721917,-0.104505144,0.019123524
WY-01-034,-0.027051084,0.053152487
WY-01-045,0.13430238,0.069946796
avicin-d,0.14863163,0.019332966
avicin-g,0.27082765,0.0012624748
hydroxyl,0.28070027,0.13106728
oxetane,0.362516,0.06715155
tert-butylhydroquinone,-0.016557902,0.033489183
tigecycline,0.23886181,0.0691454
dabrafenib,0.28893754,-0.484097
KUC105208,-0.13876098,0.012533113
KUC107191N,0.066514716,-0.051638965
MRE-269,0.137629,-0.08834688
UTMB-00042,-0.095840365,-0.16794197
avrainvillamide-analog-3,0.0033336114,0.0009176694
avrainvillamide-analog-5,0.21942224,-0.042224467
ENMD-2076,0.2443797,0.052354068
equol,0.07927014,0.004715573
avrainvillamide-analog-2,0.3502139,0.094893195
avrainvillamide-analog-1,0.13039221,-0.009837337
avrainvillamide-analog-4,0.1300978,0.0063278712
avrainvillamide-analog-6,0.16713253,0.061071727
PF-543,0.08850691,-0.01384419
AT-9283,0.16545203,-0.04695579
MK-5108,-0.06566292,0.12862629
alisertib,0.16752732,0.029190361
AVA,0.003718255,0.09073826
